mean_fit_time,mean_score_time,mean_test_score,mean_train_score,param_learning_rate,param_min_samples_leaf,param_min_samples_split,param_n_estimators,params,rank_test_score,split0_test_score,split0_train_score,split1_test_score,split1_train_score,split2_test_score,split2_train_score,split3_test_score,split3_train_score,split4_test_score,split4_train_score,std_fit_time,std_score_time,std_test_score,std_train_score
27.3006147861,0.0179500102997,0.891232153162,0.982905824951,0.05,1,2,500,"{'min_samples_split': 2, 'n_estimators': 500, 'learning_rate': 0.05, 'min_samples_leaf': 1}",26,0.907928897841,0.983779772225,0.846002220897,0.983788105713,0.897762042469,0.982054360987,0.902591594259,0.981908909502,0.901876010344,0.98299797633,0.895182612948,0.00363325269431,0.0228451137343,0.000808644093612
58.3716170311,0.0456615447998,0.892868041159,0.990503801991,0.05,1,2,1000,"{'min_samples_split': 2, 'n_estimators': 1000, 'learning_rate': 0.05, 'min_samples_leaf': 1}",10,0.907551326416,0.990694246782,0.845000660662,0.99128808159,0.898699872047,0.989914721087,0.911368797429,0.98986153495,0.901719549238,0.990760425548,3.76239808486,0.0236781352849,0.0243373063871,0.000543459772501
32.8393431664,0.0142382621765,0.89063620344,0.982878656631,0.05,1,3,500,"{'min_samples_split': 3, 'n_estimators': 500, 'learning_rate': 0.05, 'min_samples_leaf': 1}",32,0.904785035362,0.983826480838,0.838027597828,0.983689947659,0.900079419224,0.98201325989,0.910915713333,0.981721297888,0.899373251454,0.983142296878,1.16512717804,0.0048929990152,0.0266256405857,0.000861911923451
62.4119417667,0.0151368141174,0.892094037437,0.990411175874,0.05,1,3,1000,"{'min_samples_split': 3, 'n_estimators': 1000, 'learning_rate': 0.05, 'min_samples_leaf': 1}",18,0.905754983632,0.990576126742,0.838212625371,0.991203389921,0.898603761778,0.989697622394,0.914574920985,0.989890330578,0.903323895421,0.990688409737,2.83105890495,0.00289727607784,0.0274361235,0.00054992888465
31.42514081,0.0185385704041,0.889291973931,0.982864912438,0.05,1,4,500,"{'min_samples_split': 4, 'n_estimators': 500, 'learning_rate': 0.05, 'min_samples_leaf': 1}",43,0.907257539334,0.983818203098,0.834255895907,0.983742093079,0.898628936498,0.982055510383,0.906982173531,0.981794845827,0.899335324388,0.982913909803,1.33953160133,0.00750419290383,0.0277586827667,0.0008343601068
55.8302513599,0.0186690330505,0.889971124516,0.990389601367,0.05,1,4,1000,"{'min_samples_split': 4, 'n_estimators': 1000, 'learning_rate': 0.05, 'min_samples_leaf': 1}",39,0.903111254488,0.990841802054,0.838339860281,0.991120407105,0.899049817578,0.989620972811,0.909874738816,0.989727427465,0.899479951415,0.990637397401,0.765123926283,0.00821065520913,0.0261053434421,0.000604851964804
30.6920911789,0.0175311565399,0.891335872708,0.982821166844,0.05,1,5,500,"{'min_samples_split': 5, 'n_estimators': 500, 'learning_rate': 0.05, 'min_samples_leaf': 1}",25,0.904603010266,0.983792814344,0.849063117726,0.983451760925,0.900379464797,0.982160477523,0.910256841546,0.98162051457,0.892376929208,0.983080266857,1.52465710964,0.00681626704218,0.0219265873816,0.000810796748426
54.8015106201,0.0265993595123,0.89284184329,0.990311342094,0.05,1,5,1000,"{'min_samples_split': 5, 'n_estimators': 1000, 'learning_rate': 0.05, 'min_samples_leaf': 1}",11,0.903652762242,0.990663979297,0.854167608339,0.990829812233,0.899975545474,0.989569812049,0.913621816917,0.989796404037,0.892791483478,0.990696702853,1.50845618299,0.007411138237,0.0204708180808,0.000520902141537
33.0911427975,0.0194172382355,0.890701828425,0.983863226107,0.05,2,2,500,"{'min_samples_split': 2, 'n_estimators': 500, 'learning_rate': 0.05, 'min_samples_leaf': 2}",29,0.908528055741,0.984759142979,0.84882559233,0.984605712538,0.901896264207,0.98367934807,0.910049560389,0.98287924375,0.884209669457,0.983392683196,1.3558637087,0.0105957145133,0.0228612851016,0.00071796882733
64.9961882591,0.02838139534,0.891049097125,0.992285838467,0.05,2,2,1000,"{'min_samples_split': 2, 'n_estimators': 1000, 'learning_rate': 0.05, 'min_samples_leaf': 2}",28,0.908274130072,0.992585857955,0.848768461103,0.992711525011,0.903078576911,0.992075185456,0.909159676659,0.99197427829,0.885964640882,0.992082345624,2.48137823421,0.012685419137,0.0227284276302,0.000301355105904
34.0917374611,0.0179355621338,0.891155883974,0.983863226107,0.05,2,3,500,"{'min_samples_split': 3, 'n_estimators': 500, 'learning_rate': 0.05, 'min_samples_leaf': 2}",27,0.907074565328,0.984759142979,0.848709511653,0.984605712538,0.903270623845,0.98367934807,0.913136579568,0.98287924375,0.883588139475,0.983392683196,2.01873593344,0.00628310032411,0.0234191699129,0.00071796882733
63.1681465626,0.0354775905609,0.89138291895,0.992285838467,0.05,2,3,1000,"{'min_samples_split': 3, 'n_estimators': 1000, 'learning_rate': 0.05, 'min_samples_leaf': 2}",24,0.908037985955,0.992585857955,0.848813793968,0.992711525011,0.903428137975,0.992075185456,0.910627184106,0.99197427829,0.886007492746,0.992082345624,1.20026841284,0.0281338069927,0.0229514527136,0.000301355105904
33.1390222073,0.0144859313965,0.890674127638,0.983863226107,0.05,2,4,500,"{'min_samples_split': 4, 'n_estimators': 500, 'learning_rate': 0.05, 'min_samples_leaf': 2}",30,0.907194036107,0.984759142979,0.848752972659,0.984605712538,0.903955680781,0.98367934807,0.908884275127,0.98287924375,0.884583673518,0.983392683196,1.48114830466,0.0107062441171,0.0226953447536,0.00071796882733
64.8547305584,0.03565325737,0.891597897148,0.992285838467,0.05,2,4,1000,"{'min_samples_split': 4, 'n_estimators': 1000, 'learning_rate': 0.05, 'min_samples_leaf': 2}",22,0.909630398366,0.992585857955,0.849310246623,0.992711525011,0.902678675482,0.992075185456,0.910627060747,0.99197427829,0.885743104522,0.992082345624,1.94244904763,0.0222296010944,0.0229459704505,0.000301355105904
33.351679945,0.024749994278,0.892394055844,0.983595255965,0.05,2,5,500,"{'min_samples_split': 5, 'n_estimators': 500, 'learning_rate': 0.05, 'min_samples_leaf': 2}",15,0.908761277166,0.984360541703,0.859939498435,0.984027187441,0.905129158061,0.983890176104,0.904459165768,0.982692704931,0.883681179791,0.983005669644,1.77235265494,0.0150532589689,0.018465362956,0.000635832579677
64.8369909286,0.021885061264,0.893626209244,0.992023074145,0.05,2,5,1000,"{'min_samples_split': 5, 'n_estimators': 1000, 'learning_rate': 0.05, 'min_samples_leaf': 2}",8,0.909154380674,0.991891052521,0.860134370457,0.992334010414,0.90340765421,0.991959640094,0.913046474646,0.991760570059,0.882388166232,0.992170097635,1.5742821906,0.00367534398476,0.0198088079297,0.000204283750343
34.0506650925,0.0206599712372,0.880074099407,0.982097930736,0.05,5,2,500,"{'min_samples_split': 2, 'n_estimators': 500, 'learning_rate': 0.05, 'min_samples_leaf': 5}",58,0.896225298168,0.981772523816,0.817616343259,0.981942844864,0.89001656032,0.983602220348,0.921278536662,0.98141390789,0.875233758626,0.981758156763,1.78297383457,0.0107995419101,0.0345887831582,0.000771513076196
66.6020840645,0.0277543544769,0.879836742895,0.991779721627,0.05,5,2,1000,"{'min_samples_split': 2, 'n_estimators': 1000, 'learning_rate': 0.05, 'min_samples_leaf': 5}",63,0.895263322425,0.991796296996,0.818585126384,0.99156355326,0.886601591664,0.992224851219,0.922767382203,0.991920208572,0.8759662918,0.991393698085,1.07785678026,0.00807152652206,0.0343322683292,0.000287713265522
32.772996664,0.0158289909363,0.880039957252,0.982097930736,0.05,5,3,500,"{'min_samples_split': 3, 'n_estimators': 500, 'learning_rate': 0.05, 'min_samples_leaf': 5}",60,0.896266119938,0.981772523816,0.81753057909,0.981942844864,0.890150905985,0.983602220348,0.921260935939,0.98141390789,0.874991245309,0.981758156763,1.26834473135,0.00747555842369,0.0346340889131,0.000771513076196
70.9276992321,0.0563327789307,0.879819194486,0.991779721627,0.05,5,3,1000,"{'min_samples_split': 3, 'n_estimators': 1000, 'learning_rate': 0.05, 'min_samples_leaf': 5}",64,0.895170406315,0.991796296996,0.818425115274,0.99156355326,0.886590465089,0.992224851219,0.922939591686,0.991920208572,0.875970394065,0.991393698085,3.14363590453,0.020418826623,0.0344236101879,0.000287713265522
37.0840817451,0.0111465930939,0.880160180913,0.982097930736,0.05,5,4,500,"{'min_samples_split': 4, 'n_estimators': 500, 'learning_rate': 0.05, 'min_samples_leaf': 5}",57,0.896335591557,0.981772523816,0.817686909492,0.981942844864,0.890356035847,0.983602220348,0.921238670056,0.98141390789,0.875183697612,0.981758156763,3.82336448117,0.00316988052094,0.0345853051616,0.000771513076196
71.593089962,0.0372004032135,0.880056026138,0.991779721627,0.05,5,4,1000,"{'min_samples_split': 4, 'n_estimators': 1000, 'learning_rate': 0.05, 'min_samples_leaf': 5}",59,0.89542926345,0.991796296996,0.818872560311,0.99156355326,0.886675705904,0.992224851219,0.92294489294,0.991920208572,0.876357708085,0.991393698085,1.67902609337,0.0133704640575,0.0342832481779,0.000287713265522
36.1750416756,0.0192101478577,0.879989369293,0.982097930736,0.05,5,5,500,"{'min_samples_split': 5, 'n_estimators': 500, 'learning_rate': 0.05, 'min_samples_leaf': 5}",61,0.896224714265,0.981772523816,0.817364685046,0.981942844864,0.890171083459,0.983602220348,0.921172787802,0.98141390789,0.875013575892,0.981758156763,1.26995775983,0.00641462956258,0.0346696907595,0.000771513076196
65.7648943901,0.0197034358978,0.879967246451,0.991779721627,0.05,5,5,1000,"{'min_samples_split': 5, 'n_estimators': 1000, 'learning_rate': 0.05, 'min_samples_leaf': 5}",62,0.895367662772,0.991796296996,0.818993136606,0.99156355326,0.886503388433,0.992224851219,0.922802942095,0.991920208572,0.876169102351,0.991393698085,0.644267440974,0.00803436351634,0.0341966628962,0.000287713265522
32.3768339634,0.0172060012817,0.889061949786,0.986948462218,0.07,1,2,500,"{'min_samples_split': 2, 'n_estimators': 500, 'learning_rate': 0.07, 'min_samples_leaf': 1}",46,0.902194060152,0.987338203521,0.838725278115,0.987569957827,0.899054679535,0.986517446746,0.906201733125,0.985916895247,0.899133998002,0.987399807752,1.33944080965,0.00789072745742,0.0253033824362,0.000631153328394
60.5522910595,0.0250203132629,0.891517785029,0.993631168277,0.07,1,2,1000,"{'min_samples_split': 2, 'n_estimators': 1000, 'learning_rate': 0.07, 'min_samples_leaf': 1}",23,0.90375329981,0.993806852942,0.844712700316,0.993808644967,0.89866832788,0.993134750232,0.911677227295,0.993452848502,0.898777369847,0.99395274474,1.58387755064,0.0111047370327,0.0238774317054,0.000297994401373
32.1485199451,0.0216012954712,0.892113564734,0.987030910311,0.07,1,3,500,"{'min_samples_split': 3, 'n_estimators': 500, 'learning_rate': 0.07, 'min_samples_leaf': 1}",17,0.903327052648,0.98755238566,0.844542726949,0.987916958557,0.902497011881,0.986712485508,0.901604874744,0.98580916396,0.908596157446,0.98716355787,1.67155261015,0.0032203576352,0.0239094279383,0.000730571271041
71.4346198082,0.041749382019,0.891710413864,0.993613091968,0.07,1,3,1000,"{'min_samples_split': 3, 'n_estimators': 1000, 'learning_rate': 0.07, 'min_samples_leaf': 1}",21,0.900515587215,0.993738664104,0.841481990985,0.993792880325,0.907904459073,0.993318496812,0.907353203163,0.993429211609,0.901296828886,0.993786206992,2.39443975834,0.0191042702767,0.0252953310036,0.000199328531964
39.1995208263,0.0249114513397,0.892523128499,0.986892826469,0.07,1,4,500,"{'min_samples_split': 4, 'n_estimators': 500, 'learning_rate': 0.07, 'min_samples_leaf': 1}",14,0.902465043596,0.98736357104,0.842374852835,0.987929175185,0.909010460987,0.986382837997,0.902662848189,0.985738658518,0.90610243689,0.987049889605,1.7131796275,0.00898221441703,0.0251902159268,0.000763214234756
75.3065077305,0.0696776390076,0.89274037626,0.993553774275,0.07,1,4,1000,"{'min_samples_split': 4, 'n_estimators': 1000, 'learning_rate': 0.07, 'min_samples_leaf': 1}",12,0.906534467172,0.99356643799,0.837450561131,0.993974847913,0.906891406879,0.992941389042,0.906214410559,0.993468288472,0.906611035558,0.993817907956,1.4997417432,0.0303314019406,0.0276457485279,0.000354838970597
38.1853798389,0.027640914917,0.892705239528,0.98667631315,0.07,1,5,500,"{'min_samples_split': 5, 'n_estimators': 500, 'learning_rate': 0.07, 'min_samples_leaf': 1}",13,0.905793628046,0.987416203158,0.834586911323,0.987162742451,0.906265063118,0.986260974996,0.910272678452,0.985786417649,0.9066079167,0.986755227496,1.41312673357,0.0140894530637,0.029102625813,0.000592401544052
65.390610981,0.0336236476898,0.894087842158,0.993461679326,0.07,1,5,1000,"{'min_samples_split': 5, 'n_estimators': 1000, 'learning_rate': 0.07, 'min_samples_leaf': 1}",5,0.907092503443,0.993871970817,0.834371347223,0.993563496726,0.908331356169,0.992981779876,0.915153151967,0.993251950206,0.905490851988,0.993639199005,1.04896492771,0.0166493981134,0.0300394227124,0.00031129051167
39.8139213562,0.0199387550354,0.889351633216,0.988229305651,0.07,2,2,500,"{'min_samples_split': 2, 'n_estimators': 500, 'learning_rate': 0.07, 'min_samples_leaf': 2}",41,0.906657196686,0.988438146241,0.847696328471,0.988923093982,0.899217897139,0.988074531353,0.90852458119,0.987283417475,0.884662162592,0.988427339202,1.3762397819,0.00584841124515,0.0224569952261,0.000544579370365
76.922841835,0.052790594101,0.88934357191,0.995216309236,0.07,2,2,1000,"{'min_samples_split': 2, 'n_estimators': 1000, 'learning_rate': 0.07, 'min_samples_leaf': 2}",42,0.908301777884,0.995125379486,0.848775792497,0.995741799035,0.894774291785,0.995074469333,0.910171590904,0.995036247039,0.884694406479,0.995103651289,2.67537762621,0.0258124353113,0.0223162368378,0.000264439223318
41.1376862526,0.0194751739502,0.88856829697,0.988229305651,0.07,2,3,500,"{'min_samples_split': 3, 'n_estimators': 500, 'learning_rate': 0.07, 'min_samples_leaf': 2}",47,0.906570434899,0.988438146241,0.850778864683,0.988923093982,0.899427789144,0.988074531353,0.901698418799,0.987283417475,0.884365977327,0.988427339202,1.45274650343,0.00926626072109,0.0202983069367,0.000544579370365
70.6626749516,0.0273562431335,0.889833707766,0.995216309236,0.07,2,3,1000,"{'min_samples_split': 3, 'n_estimators': 1000, 'learning_rate': 0.07, 'min_samples_leaf': 2}",40,0.906167399668,0.995125379486,0.849679362576,0.995741799035,0.901511980934,0.995074469333,0.906395228594,0.995036247039,0.885414567057,0.995103651289,2.18986575619,0.00552196837448,0.0214911878206,0.000264439223318
35.5168821812,0.0145296096802,0.889168678993,0.988229305651,0.07,2,4,500,"{'min_samples_split': 4, 'n_estimators': 500, 'learning_rate': 0.07, 'min_samples_leaf': 2}",45,0.905655831702,0.988438146241,0.851791097283,0.988923093982,0.900683102409,0.988074531353,0.904512262225,0.987283417475,0.883201101347,0.988427339202,2.64846447265,0.00512678896701,0.0203594169608,0.000544579370365
70.9070353985,0.0281462192535,0.890205376726,0.995216309236,0.07,2,4,1000,"{'min_samples_split': 4, 'n_estimators': 1000, 'learning_rate': 0.07, 'min_samples_leaf': 2}",38,0.907770402337,0.995125379486,0.848050573554,0.995741799035,0.90150702887,0.995074469333,0.909452541712,0.995036247039,0.884246337156,0.995103651289,1.30656319003,0.00960139748701,0.0228877627085,0.000264439223318
37.9704798222,0.023149394989,0.894125194226,0.988278470242,0.07,2,5,500,"{'min_samples_split': 5, 'n_estimators': 500, 'learning_rate': 0.07, 'min_samples_leaf': 2}",4,0.909342804502,0.988612474613,0.861841575522,0.988804562332,0.899566923752,0.988002323933,0.912129426099,0.987525006082,0.887745241253,0.988447984248,1.46164171729,0.0102610731936,0.0182662326966,0.00046065862187
59.4008718014,0.0199708938599,0.893721501061,0.995242659265,0.07,2,5,1000,"{'min_samples_split': 5, 'n_estimators': 1000, 'learning_rate': 0.07, 'min_samples_leaf': 2}",7,0.907720479973,0.995221860073,0.857871960895,0.995501314498,0.900598721898,0.995129839912,0.914072206318,0.995013728779,0.888344136221,0.995346553065,1.35718609729,0.0122674119322,0.019857111392,0.000169272816422
29.4353378773,0.0198705196381,0.881283962405,0.987266940187,0.07,5,2,500,"{'min_samples_split': 2, 'n_estimators': 500, 'learning_rate': 0.07, 'min_samples_leaf': 5}",52,0.89598131572,0.986858643446,0.831052036781,0.987606168597,0.890932899215,0.988336544876,0.918220497335,0.986334462202,0.870233062975,0.987198881814,2.88876930348,0.0222209192355,0.0293897618867,0.000678230560881
58.6198845863,0.032656621933,0.88073468575,0.995250769497,0.07,5,2,1000,"{'min_samples_split': 2, 'n_estimators': 1000, 'learning_rate': 0.07, 'min_samples_leaf': 5}",54,0.894886447213,0.99505969474,0.831228062357,0.995487701921,0.888215954051,0.995454743688,0.91931393127,0.995211722837,0.870029033858,0.9950399843,1.82489269337,0.0106514743867,0.0293602338376,0.000189845752218
30.7298267841,0.0169664382935,0.881416909258,0.987266940187,0.07,5,3,500,"{'min_samples_split': 3, 'n_estimators': 500, 'learning_rate': 0.07, 'min_samples_leaf': 5}",49,0.896525278776,0.986858643446,0.831212987745,0.987606168597,0.890972483316,0.988336544876,0.91813858965,0.986334462202,0.870235206805,0.987198881814,3.28689165979,0.00392837786031,0.0293718158815,0.000678230560881
74.1112314224,0.0277073860168,0.880738697687,0.995250769497,0.07,5,3,1000,"{'min_samples_split': 3, 'n_estimators': 1000, 'learning_rate': 0.07, 'min_samples_leaf': 5}",53,0.894880494987,0.99505969474,0.831338005844,0.995487701921,0.888336209786,0.995454743688,0.919232699302,0.995211722837,0.869906078517,0.9950399843,1.31276797289,0.00879482445468,0.0293164621808,0.000189845752218
36.1627855778,0.018675994873,0.881289886254,0.987266940187,0.07,5,4,500,"{'min_samples_split': 4, 'n_estimators': 500, 'learning_rate': 0.07, 'min_samples_leaf': 5}",51,0.896528717142,0.986858643446,0.831156432444,0.987606168597,0.890566750401,0.988336544876,0.918051360238,0.986334462202,0.870146171043,0.987198881814,1.17656452635,0.00826523202664,0.0293504130271,0.000678230560881
66.9712499619,0.0245445728302,0.880654084257,0.995250769497,0.07,5,4,1000,"{'min_samples_split': 4, 'n_estimators': 1000, 'learning_rate': 0.07, 'min_samples_leaf': 5}",56,0.894105312887,0.99505969474,0.831517729752,0.995487701921,0.888520533408,0.995454743688,0.919120476867,0.995211722837,0.870006368372,0.9950399843,1.87996834824,0.00689280248019,0.0291555659248,0.000189845752218
34.7549374104,0.0173135757446,0.881360785975,0.987266940187,0.07,5,5,500,"{'min_samples_split': 5, 'n_estimators': 500, 'learning_rate': 0.07, 'min_samples_leaf': 5}",50,0.895896380865,0.986858643446,0.831333384417,0.987606168597,0.891156195957,0.988336544876,0.918190816793,0.986334462202,0.870227151846,0.987198881814,1.07761933619,0.00441501851701,0.0292929461174,0.000678230560881
58.6199048042,0.0214013576508,0.880682281201,0.995250769497,0.07,5,5,1000,"{'min_samples_split': 5, 'n_estimators': 1000, 'learning_rate': 0.07, 'min_samples_leaf': 5}",55,0.894673982054,0.99505969474,0.831401215959,0.995487701921,0.888157945376,0.995454743688,0.919280167153,0.995211722837,0.869898095465,0.9950399843,1.9880046405,0.00574623536487,0.0292792489691,0.000189845752218
25.1984534264,0.0115905761719,0.890598223943,0.990909732583,0.1,1,2,500,"{'min_samples_split': 2, 'n_estimators': 500, 'learning_rate': 0.1, 'min_samples_leaf': 1}",34,0.904123185549,0.99120111782,0.849880886549,0.991234779123,0.902074016206,0.990612508003,0.90715313173,0.990126315605,0.889759899679,0.991373942363,1.84648702395,0.00533801361662,0.0212004137618,0.000470772969029
45.9974293709,0.0223242282867,0.89223597502,0.996398686263,0.1,1,2,1000,"{'min_samples_split': 2, 'n_estimators': 1000, 'learning_rate': 0.1, 'min_samples_leaf': 1}",16,0.903043894766,0.996800496765,0.852832393987,0.996352929299,0.905271007734,0.99628100234,0.909548814401,0.995902624693,0.890483764213,0.996656378216,1.54964491355,0.00598082873871,0.0206986475666,0.000313010258351
23.4034999847,0.0134750366211,0.89478196934,0.990783745295,0.1,1,3,500,"{'min_samples_split': 3, 'n_estimators': 500, 'learning_rate': 0.1, 'min_samples_leaf': 1}",3,0.909309157385,0.991329754289,0.853859579026,0.990982043184,0.902599439962,0.990336068601,0.91955372533,0.990086180161,0.888587944997,0.991184680242,1.12800228477,0.00565907019928,0.0227982451115,0.000486869231825
45.2560081482,0.0220016002655,0.893193076987,0.996371727645,0.1,1,3,1000,"{'min_samples_split': 3, 'n_estimators': 1000, 'learning_rate': 0.1, 'min_samples_leaf': 1}",9,0.910093603507,0.996694865901,0.849411721818,0.996356447741,0.902233591348,0.996231101284,0.916572995626,0.99610986095,0.887653472638,0.996466362347,0.776673772491,0.0104797299125,0.023922681994,0.000200976353935
23.4093290329,0.0115300178528,0.894074265093,0.990559624469,0.1,1,4,500,"{'min_samples_split': 4, 'n_estimators': 500, 'learning_rate': 0.1, 'min_samples_leaf': 1}",6,0.90642422682,0.990984848104,0.846025386167,0.990658395327,0.902023939581,0.990182636082,0.913292820923,0.99014447336,0.902604951974,0.990827769474,0.741200010961,0.00377067954487,0.0243579110437,0.00033968904996
44.9675331593,0.0200126171112,0.895744508414,0.996327242624,0.1,1,4,1000,"{'min_samples_split': 4, 'n_estimators': 1000, 'learning_rate': 0.1, 'min_samples_leaf': 1}",1,0.907637733881,0.996618487095,0.858462691886,0.996245802833,0.905372555971,0.996083816502,0.916293543706,0.996194971044,0.890956016628,0.996493135647,1.88412633914,0.0110661154115,0.0203434238043,0.000197852634229
22.7830835819,0.0116279602051,0.890383832021,0.990489502194,0.1,1,5,500,"{'min_samples_split': 5, 'n_estimators': 500, 'learning_rate': 0.1, 'min_samples_leaf': 1}",37,0.902371653481,0.990577101195,0.835773103103,0.991025599008,0.902457773457,0.989780006561,0.913171293142,0.990282293748,0.898145336925,0.990782510457,0.903880915598,0.00244862159585,0.0277536627524,0.000430638273972
44.379104948,0.0164534091949,0.890632756567,0.996234969953,0.1,1,5,1000,"{'min_samples_split': 5, 'n_estimators': 1000, 'learning_rate': 0.1, 'min_samples_leaf': 1}",33,0.903741131548,0.996431473282,0.837052680069,0.996429557237,0.902672331102,0.995745642904,0.913524496775,0.996195304174,0.89617314334,0.996372872169,0.581827931595,0.00838032469371,0.0273581179999,0.00025942595307
25.7140161991,0.0248764038086,0.8892254989,0.992365685837,0.1,2,2,500,"{'min_samples_split': 2, 'n_estimators': 500, 'learning_rate': 0.1, 'min_samples_leaf': 2}",44,0.910581451517,0.992540474423,0.854909679183,0.99253227516,0.895841153222,0.99218518307,0.910445306735,0.991750456688,0.874349903843,0.992820039844,0.933350224744,0.0164432006314,0.0216747901952,0.000367648955043
59.0407660007,0.0423525810242,0.890421794258,0.997656477538,0.1,2,2,1000,"{'min_samples_split': 2, 'n_estimators': 1000, 'learning_rate': 0.1, 'min_samples_leaf': 2}",36,0.913084474102,0.99773204879,0.847824071548,0.997789224252,0.900851440069,0.997542385826,0.911733903063,0.997488630248,0.878615082506,0.997730098575,1.70867845511,0.0194968224745,0.0246192809547,0.000118272898668
33.6109489918,0.0149509906769,0.887972495223,0.992365685837,0.1,2,3,500,"{'min_samples_split': 3, 'n_estimators': 500, 'learning_rate': 0.1, 'min_samples_leaf': 2}",48,0.912926008181,0.992540474423,0.854909679183,0.99253227516,0.900297999577,0.99218518307,0.89737888533,0.991750456688,0.874349903843,0.992820039844,2.04083980135,0.0076738196441,0.0206968637324,0.000367648955043
62.0775744438,0.0238366127014,0.890644114522,0.997656477538,0.1,2,3,1000,"{'min_samples_split': 3, 'n_estimators': 1000, 'learning_rate': 0.1, 'min_samples_leaf': 2}",31,0.913392948417,0.99773204879,0.85349960046,0.997789224252,0.899512741476,0.997542385826,0.909082207031,0.997488630248,0.877733075227,0.997730098575,1.66500704353,0.0059818881818,0.0222824374947,0.000118272898668
29.414098835,0.0114791870117,0.890585275732,0.992365685837,0.1,2,4,500,"{'min_samples_split': 4, 'n_estimators': 500, 'learning_rate': 0.1, 'min_samples_leaf': 2}",35,0.913122553189,0.992540474423,0.854455286197,0.99253227516,0.900297999577,0.99218518307,0.907679404542,0.991750456688,0.877371135152,0.992820039844,0.873141740947,0.00529394635542,0.0217920387964,0.000367648955043
55.313137579,0.0182111740112,0.891955465846,0.997656477538,0.1,2,4,1000,"{'min_samples_split': 4, 'n_estimators': 1000, 'learning_rate': 0.1, 'min_samples_leaf': 2}",19,0.913392948417,0.99773204879,0.854015951472,0.997789224252,0.901516783616,0.997542385826,0.913945523624,0.997488630248,0.876906122102,0.997730098575,1.39378525694,0.00826483565804,0.0232397788099,0.000118272898668
27.9544117928,0.0137145996094,0.891849533739,0.992387300928,0.1,2,5,500,"{'min_samples_split': 5, 'n_estimators': 500, 'learning_rate': 0.1, 'min_samples_leaf': 2}",20,0.911295011596,0.992581629463,0.86334720486,0.992534101805,0.90226319446,0.991980444072,0.90043448638,0.992198046229,0.881907771397,0.992642283073,1.69884779097,0.00401455987956,0.017155137659,0.000255217481056
63.5752078056,0.0326776504517,0.895101064217,0.997662431204,0.1,2,5,1000,"{'min_samples_split': 5, 'n_estimators': 1000, 'learning_rate': 0.1, 'min_samples_leaf': 2}",2,0.911978569077,0.99779905964,0.863389495242,0.997823049613,0.903985861656,0.99743200001,0.913848739829,0.997446780026,0.882302655283,0.997811266729,2.61642698956,0.0140837732728,0.0194148809667,0.000182330240076
32.8544027805,0.0132381916046,0.876983297484,0.991941493755,0.1,5,2,500,"{'min_samples_split': 2, 'n_estimators': 500, 'learning_rate': 0.1, 'min_samples_leaf': 5}",71,0.895449323408,0.991888804103,0.815437941755,0.992309603751,0.886542973257,0.992462292812,0.916923809876,0.992032071404,0.870562439124,0.991014696705,2.11910133467,0.00514863549129,0.0342247988404,0.000505305830091
62.4715675354,0.0308618068695,0.87734477613,0.997751988556,0.1,5,2,1000,"{'min_samples_split': 2, 'n_estimators': 1000, 'learning_rate': 0.1, 'min_samples_leaf': 5}",66,0.894431694903,0.997741281268,0.817492024914,0.998057502626,0.885765343116,0.997926176967,0.918374940083,0.997732761717,0.870659877633,0.997302220204,1.90345195801,0.00664063878116,0.0336849604175,0.000255521559586
31.8052017689,0.0218224048615,0.877052161633,0.991941493755,0.1,5,3,500,"{'min_samples_split': 3, 'n_estimators': 500, 'learning_rate': 0.1, 'min_samples_leaf': 5}",70,0.895473876892,0.991888804103,0.81528975707,0.992309603751,0.886706031855,0.992462292812,0.917193256292,0.992032071404,0.870597886056,0.991014696705,0.932689635496,0.016441973842,0.0343514674342,0.000505305830091
63.1208557606,0.0281023979187,0.877340237447,0.997751988556,0.1,5,3,1000,"{'min_samples_split': 3, 'n_estimators': 1000, 'learning_rate': 0.1, 'min_samples_leaf': 5}",67,0.894574851568,0.997741281268,0.817268072267,0.998057502626,0.885934055107,0.997926176967,0.918374940083,0.997732761717,0.870549268209,0.997302220204,2.31102298257,0.0129656637979,0.0337920545067,0.000255521559586
30.4328338146,0.0122182369232,0.876973291152,0.991941493755,0.1,5,4,500,"{'min_samples_split': 4, 'n_estimators': 500, 'learning_rate': 0.1, 'min_samples_leaf': 5}",72,0.895567412532,0.991888804103,0.81504316711,0.992309603751,0.886524670741,0.992462292812,0.917257911828,0.992032071404,0.870473293547,0.991014696705,1.22324317,0.00499802910994,0.0344598638932,0.000505305830091
64.683348608,0.0357448101044,0.877332345352,0.997751988556,0.1,5,4,1000,"{'min_samples_split': 4, 'n_estimators': 1000, 'learning_rate': 0.1, 'min_samples_leaf': 5}",68,0.894289176087,0.997741281268,0.817320436762,0.998057502626,0.885797888698,0.997926176967,0.918704957005,0.997732761717,0.870549268209,0.997302220204,4.27576980682,0.0137135847195,0.0338181366603,0.000255521559586
35.9281559944,0.0215112686157,0.877068006693,0.991941493755,0.1,5,5,500,"{'min_samples_split': 5, 'n_estimators': 500, 'learning_rate': 0.1, 'min_samples_leaf': 5}",69,0.895369240584,0.991888804103,0.815663118275,0.992309603751,0.88656132599,0.992462292812,0.917350018821,0.992032071404,0.870396329795,0.991014696705,4.49094434058,0.0115245479646,0.0342425769139,0.000505305830091
63.8672054291,0.0168814182281,0.877467926543,0.997751988556,0.1,5,5,1000,"{'min_samples_split': 5, 'n_estimators': 1000, 'learning_rate': 0.1, 'min_samples_leaf': 5}",65,0.894624820651,0.997741281268,0.817540281782,0.998057502626,0.885762039075,0.997926176967,0.918764720212,0.997732761717,0.870647770995,0.997302220204,5.62473546643,0.00390737073658,0.0337828761766,0.000255521559586
