mean_fit_time,mean_score_time,mean_test_score,mean_train_score,param_max_features,param_min_impurity_split,param_min_samples_leaf,param_min_samples_split,param_n_estimators,params,rank_test_score,split0_test_score,split0_train_score,split1_test_score,split1_train_score,split2_test_score,split2_train_score,split3_test_score,split3_train_score,split4_test_score,split4_train_score,std_fit_time,std_score_time,std_test_score,std_train_score
0.448592615128,0.0478507518768,0.848672972077,0.976127556797,sqrt,1e-07,1,2,50,"{'max_features': 'sqrt', 'min_impurity_split': 1e-07, 'min_samples_split': 2, 'n_estimators': 50, 'min_samples_leaf': 1}",56,0.893371525047,0.97479852237,0.829896508356,0.976708850388,0.821596631066,0.977479031987,0.881400749262,0.974623909602,0.81701006014,0.977027469637,0.0210189039668,0.00207382364885,0.0321194091418,0.00118334423933
0.898481082916,0.0863467693329,0.845917527029,0.977796089091,sqrt,1e-07,1,2,100,"{'max_features': 'sqrt', 'min_impurity_split': 1e-07, 'min_samples_split': 2, 'n_estimators': 100, 'min_samples_leaf': 1}",70,0.883996851088,0.977426295184,0.833154005742,0.978692164559,0.827147336789,0.977831138276,0.879566246513,0.975868225663,0.805635899141,0.979162621771,0.042846483972,0.00417361282805,0.0307218521222,0.00114236563169
4.8953766346,0.824506378174,0.848958447142,0.979342063193,sqrt,1e-07,1,2,300,"{'max_features': 'sqrt', 'min_impurity_split': 1e-07, 'min_samples_split': 2, 'n_estimators': 300, 'min_samples_leaf': 1}",55,0.887090930147,0.979558055471,0.832979772445,0.980660476512,0.832747770121,0.978179715681,0.879767000922,0.978576733764,0.812130369634,0.979735334539,0.547621081808,0.0218793019002,0.0292494749084,0.000880489587345
8.2276550293,0.474732255936,0.852103123631,0.979195617639,sqrt,1e-07,1,2,500,"{'max_features': 'sqrt', 'min_impurity_split': 1e-07, 'min_samples_split': 2, 'n_estimators': 500, 'min_samples_leaf': 1}",39,0.889592519508,0.979636246198,0.83553057102,0.980438340784,0.835542312388,0.978117253416,0.884474881776,0.978201426741,0.815303206416,0.979584821056,1.4180010725,0.0479291333213,0.0295171616478,0.000899030431369
0.813032197952,0.0636018753052,0.846606374484,0.95772185527,sqrt,1e-07,1,5,50,"{'max_features': 'sqrt', 'min_impurity_split': 1e-07, 'min_samples_split': 5, 'n_estimators': 50, 'min_samples_leaf': 1}",64,0.88824831086,0.957310358041,0.825610412391,0.959258334408,0.83450139835,0.957606558914,0.871603201623,0.954657900601,0.812997356183,0.959776124387,0.247106675642,0.03479631635,0.0285576413567,0.00179728857895
0.873885583878,0.0933328151703,0.844074084638,0.960174645502,sqrt,1e-07,1,5,100,"{'max_features': 'sqrt', 'min_impurity_split': 1e-07, 'min_samples_split': 5, 'n_estimators': 100, 'min_samples_leaf': 1}",83,0.890443460285,0.961067100072,0.829575903474,0.962775424387,0.824050551364,0.957915202128,0.880630948417,0.958393657841,0.795559658982,0.96072184308,0.0307481175907,0.00597964285077,0.0359181113981,0.00179649394994
2.43850708008,0.27047700882,0.853130148633,0.961342041968,sqrt,1e-07,1,5,300,"{'max_features': 'sqrt', 'min_impurity_split': 1e-07, 'min_samples_split': 5, 'n_estimators': 300, 'min_samples_leaf': 1}",29,0.890150093457,0.961184402345,0.839687214173,0.961497861069,0.837018446385,0.961084893806,0.879661266062,0.96038993275,0.819052423052,0.962553119868,0.0222666319153,0.0126506587448,0.0271154773779,0.000705475253053
7.43454089165,0.757326745987,0.850331101743,0.961292009667,sqrt,1e-07,1,5,500,"{'max_features': 'sqrt', 'min_impurity_split': 1e-07, 'min_samples_split': 5, 'n_estimators': 500, 'min_samples_leaf': 1}",48,0.887527073505,0.96102043343,0.841242369449,0.961321517721,0.828435554445,0.96091266178,0.880656137358,0.960570139496,0.813697452445,0.962635295906,1.80851129819,0.280132462764,0.0290049860766,0.000713308300837
0.354988384247,0.0446791648865,0.846004365332,0.935246834727,sqrt,1e-07,1,10,50,"{'max_features': 'sqrt', 'min_impurity_split': 1e-07, 'min_samples_split': 10, 'n_estimators': 50, 'min_samples_leaf': 1}",68,0.88312980175,0.934045138853,0.847632872342,0.938700563064,0.814994340934,0.932532255632,0.871437755547,0.937197986562,0.812693421799,0.933758229522,0.00497115047083,0.00593914334467,0.0286292062078,0.00231362015054
1.55788416862,0.296965026855,0.841590168099,0.936020247139,sqrt,1e-07,1,10,100,"{'max_features': 'sqrt', 'min_impurity_split': 1e-07, 'min_samples_split': 10, 'n_estimators': 100, 'min_samples_leaf': 1}",100,0.88434370506,0.936168871824,0.840592122197,0.935877981554,0.813598107775,0.935438074886,0.87080050039,0.934249385422,0.798472420619,0.938366922007,0.663853782086,0.0809902663383,0.0326305483102,0.00134343496189
4.38063783646,0.275745391846,0.8408053556,0.936641918438,sqrt,1e-07,1,10,300,"{'max_features': 'sqrt', 'min_impurity_split': 1e-07, 'min_samples_split': 10, 'n_estimators': 300, 'min_samples_leaf': 1}",103,0.87733242755,0.935579333796,0.836327800622,0.938069208635,0.822380204109,0.934945467567,0.875248218212,0.936297718843,0.792627611933,0.938317863352,1.38591163227,0.0381828426943,0.0322448966555,0.00133951138136
6.56659741402,1.33384518623,0.841670376072,0.936171612768,sqrt,1e-07,1,10,500,"{'max_features': 'sqrt', 'min_impurity_split': 1e-07, 'min_samples_split': 10, 'n_estimators': 500, 'min_samples_leaf': 1}",99,0.878292908488,0.934549729043,0.836905392517,0.93756441026,0.820158321699,0.934854089561,0.874245556994,0.934756616994,0.798639847046,0.939133217983,0.513304032389,0.0734229727943,0.0307818803135,0.00184821955181
0.401394796371,0.063702249527,0.83690152548,0.941314448555,sqrt,1e-07,2,2,50,"{'max_features': 'sqrt', 'min_impurity_split': 1e-07, 'min_samples_split': 2, 'n_estimators': 50, 'min_samples_leaf': 2}",109,0.87558009862,0.940221623795,0.825905204315,0.944267158027,0.812439392235,0.937028900552,0.869608824981,0.941833371967,0.800878651208,0.943221188434,0.0400573310029,0.0403361786455,0.0302721576461,0.00253706993777
2.26851215363,0.278117656708,0.839511884469,0.94219820502,sqrt,1e-07,2,2,100,"{'max_features': 'sqrt', 'min_impurity_split': 1e-07, 'min_samples_split': 2, 'n_estimators': 100, 'min_samples_leaf': 2}",107,0.876069401625,0.940609297313,0.835983103059,0.944862150609,0.821118410543,0.937935918778,0.874813259491,0.942796191934,0.789461355433,0.944787466465,0.0344020528288,0.00903165008536,0.0329715658214,0.00264008261212
2.95626673698,0.268568658829,0.843144485509,0.943693446288,sqrt,1e-07,2,2,300,"{'max_features': 'sqrt', 'min_impurity_split': 1e-07, 'min_samples_split': 2, 'n_estimators': 300, 'min_samples_leaf': 2}",88,0.885221298544,0.944713706069,0.838716111526,0.946662256423,0.823343057251,0.942076819368,0.875578401701,0.940968577237,0.792733736317,0.944045872342,0.750521782549,0.0140653037276,0.0339811032848,0.00200086789703
6.91745781898,1.04287295341,0.841766420239,0.943555672987,sqrt,1e-07,2,2,500,"{'max_features': 'sqrt', 'min_impurity_split': 1e-07, 'min_samples_split': 2, 'n_estimators': 500, 'min_samples_leaf': 2}",98,0.881988859445,0.942786328922,0.83775434835,0.945099201417,0.822269283485,0.942109448452,0.874856486078,0.943112419163,0.791838260499,0.944670966981,1.35242414616,0.488970318789,0.0334656950885,0.00114072699213
0.899738168716,0.139988660812,0.828293263574,0.934513399916,sqrt,1e-07,2,5,50,"{'max_features': 'sqrt', 'min_impurity_split': 1e-07, 'min_samples_split': 5, 'n_estimators': 50, 'min_samples_leaf': 2}",120,0.862468749029,0.935992208184,0.821903418576,0.936449759463,0.81713419773,0.933104675941,0.865307390807,0.932494591557,0.774556749177,0.934525764433,0.254881323385,0.00333224339324,0.0334288459656,0.00154897420877
2.25424427986,0.243660926819,0.841022720514,0.938268816792,sqrt,1e-07,2,5,100,"{'max_features': 'sqrt', 'min_impurity_split': 1e-07, 'min_samples_split': 5, 'n_estimators': 100, 'min_samples_leaf': 2}",102,0.874175705837,0.936550342175,0.8294138532,0.939511676863,0.830152058209,0.936600755524,0.878594324257,0.937662262767,0.792703371006,0.941019046629,0.058558968513,0.0623940093154,0.0319238742993,0.00174424519496
2.8355782032,0.274374771118,0.84242450127,0.939659209083,sqrt,1e-07,2,5,300,"{'max_features': 'sqrt', 'min_impurity_split': 1e-07, 'min_samples_split': 5, 'n_estimators': 300, 'min_samples_leaf': 2}",90,0.880578235471,0.941466069421,0.838347095674,0.940948329386,0.82122638661,0.937659794434,0.875758972424,0.937712513735,0.796094311591,0.940509338438,0.555422713987,0.0123705382836,0.0321785707595,0.00163930333195
7.86404767036,0.715455627441,0.842306875556,0.93886853014,sqrt,1e-07,2,5,500,"{'max_features': 'sqrt', 'min_impurity_split': 1e-07, 'min_samples_split': 5, 'n_estimators': 500, 'min_samples_leaf': 2}",93,0.881534425053,0.939812913989,0.839618823952,0.938500321401,0.827365560068,0.938639767993,0.877844302862,0.937404976776,0.785045267579,0.939984670542,1.10004092432,0.380963968101,0.0355181657907,0.000945254304051
0.91868057251,0.145017242432,0.833944671398,0.914682123375,sqrt,1e-07,2,10,50,"{'max_features': 'sqrt', 'min_impurity_split': 1e-07, 'min_samples_split': 10, 'n_estimators': 50, 'min_samples_leaf': 2}",115,0.88105057674,0.915439799929,0.839342291813,0.907041350569,0.804688907987,0.914717136001,0.86192870314,0.918222641612,0.782531830672,0.917989688762,0.317564638683,0.0148403650431,0.0361362225796,0.00406034399752
2.12236409187,0.270544576645,0.832507184473,0.91535698598,sqrt,1e-07,2,10,100,"{'max_features': 'sqrt', 'min_impurity_split': 1e-07, 'min_samples_split': 10, 'n_estimators': 100, 'min_samples_leaf': 2}",116,0.868169482152,0.909887745918,0.827703736026,0.912487445104,0.811125644945,0.916256596618,0.869470299422,0.918028454993,0.785960349996,0.920124687267,0.0276667137762,0.00827650419793,0.032502621162,0.0037100909217
2.51352596283,0.347516965866,0.835844053293,0.916412177624,sqrt,1e-07,2,10,300,"{'max_features': 'sqrt', 'min_impurity_split': 1e-07, 'min_samples_split': 10, 'n_estimators': 300, 'min_samples_leaf': 2}",111,0.877999874739,0.917491184956,0.83701206912,0.916307157503,0.816252107672,0.914749059182,0.865599565279,0.914295560043,0.782207257112,0.919217926436,0.423082777976,0.170262834334,0.0344168036774,0.00180518948511
7.8978761673,0.624659013748,0.835606117927,0.917034751353,sqrt,1e-07,2,10,500,"{'max_features': 'sqrt', 'min_impurity_split': 1e-07, 'min_samples_split': 10, 'n_estimators': 500, 'min_samples_leaf': 2}",112,0.876396725238,0.916061604505,0.834511227462,0.917616471178,0.814981694334,0.916514105133,0.866496560239,0.915883037281,0.785507500581,0.919098538664,0.504935767063,0.354773864587,0.0333245045492,0.00119516932684
0.779717588425,0.116692256927,0.817520566886,0.875044053059,sqrt,1e-07,5,2,50,"{'max_features': 'sqrt', 'min_impurity_split': 1e-07, 'min_samples_split': 2, 'n_estimators': 50, 'min_samples_leaf': 5}",140,0.852255223636,0.875155237907,0.836899050016,0.873578399925,0.78387471949,0.872341128248,0.847694683935,0.870719442318,0.766692560321,0.883426056898,0.280975509648,0.03675985322,0.0352276180192,0.00443681304836
2.01321997643,0.26751241684,0.819559872816,0.878502695759,sqrt,1e-07,5,2,100,"{'max_features': 'sqrt', 'min_impurity_split': 1e-07, 'min_samples_split': 2, 'n_estimators': 100, 'min_samples_leaf': 5}",131,0.859634795939,0.875785956822,0.827258191921,0.880504919632,0.789215724194,0.877416615209,0.852365672162,0.874149423983,0.769160244548,0.884656563148,0.0271818912585,0.00663878666574,0.0352123986692,0.00372532416968
2.23671503067,0.361967611313,0.822189600909,0.878422732642,sqrt,1e-07,5,2,300,"{'max_features': 'sqrt', 'min_impurity_split': 1e-07, 'min_samples_split': 2, 'n_estimators': 300, 'min_samples_leaf': 5}",121,0.860602892255,0.871841621829,0.82909898227,0.880974644547,0.792359331986,0.879668068424,0.859153730543,0.871948526107,0.76957678241,0.887680802305,0.526163008537,0.220730611367,0.0361769203474,0.00598333250401
6.82732481956,1.01480541229,0.821015442264,0.879067075844,sqrt,1e-07,5,2,500,"{'max_features': 'sqrt', 'min_impurity_split': 1e-07, 'min_samples_split': 2, 'n_estimators': 500, 'min_samples_leaf': 5}",125,0.85895208016,0.874667629446,0.826887804165,0.880522855333,0.791398383777,0.879030564094,0.857186272269,0.874262589943,0.770501605431,0.886851740406,0.862981926129,0.423303827508,0.0352344709654,0.00458606242355
0.876262140274,0.134772825241,0.816915236623,0.87589421009,sqrt,1e-07,5,5,50,"{'max_features': 'sqrt', 'min_impurity_split': 1e-07, 'min_samples_split': 5, 'n_estimators': 50, 'min_samples_leaf': 5}",141,0.857943554996,0.8733825221,0.822688166376,0.87859836613,0.792002933228,0.874085892605,0.847314548556,0.869999062906,0.764465596341,0.883405206709,0.259396612473,0.00326326147156,0.0346698291464,0.00464884671952
1.99753074646,0.238521814346,0.821712083366,0.877718806747,sqrt,1e-07,5,5,100,"{'max_features': 'sqrt', 'min_impurity_split': 1e-07, 'min_samples_split': 5, 'n_estimators': 100, 'min_samples_leaf': 5}",122,0.857176463989,0.874710120236,0.828013980875,0.877970094435,0.794657628146,0.879515865366,0.856511297758,0.871550367464,0.772057024411,0.884847586234,0.0417151625745,0.0728284655,0.0337715804185,0.00449919770347
2.12877497673,0.250835466385,0.818616521137,0.878269922637,sqrt,1e-07,5,5,300,"{'max_features': 'sqrt', 'min_impurity_split': 1e-07, 'min_samples_split': 5, 'n_estimators': 300, 'min_samples_leaf': 5}",139,0.861973043027,0.873460099736,0.82339741855,0.880491882884,0.787783322388,0.878429981974,0.855149012355,0.873706757535,0.764613818266,0.885260891059,0.355580533829,0.0123240583187,0.0376855736126,0.0044225159784
6.22901473045,1.02977895737,0.819031098509,0.879574647021,sqrt,1e-07,5,5,500,"{'max_features': 'sqrt', 'min_impurity_split': 1e-07, 'min_samples_split': 5, 'n_estimators': 500, 'min_samples_leaf': 5}",134,0.863983625567,0.875879486892,0.827612677501,0.882999774786,0.786555449006,0.876544379099,0.854891764592,0.875840355699,0.761927375515,0.886609238628,1.47432897856,0.445959250684,0.0392236541262,0.00442715807293
0.684966993332,0.104450178146,0.814689620082,0.873853533785,sqrt,1e-07,5,10,50,"{'max_features': 'sqrt', 'min_impurity_split': 1e-07, 'min_samples_split': 10, 'n_estimators': 50, 'min_samples_leaf': 5}",144,0.864934825685,0.865065986796,0.824848316457,0.882204652688,0.777395749095,0.871409163233,0.850590578207,0.870212884958,0.755470341649,0.880374981248,0.319895118525,0.0494955781333,0.0419793332622,0.00646097078302
2.02848262787,0.269486618042,0.815705174163,0.879727283068,sqrt,1e-07,5,10,100,"{'max_features': 'sqrt', 'min_impurity_split': 1e-07, 'min_samples_split': 10, 'n_estimators': 100, 'min_samples_leaf': 5}",142,0.852710234195,0.875826925313,0.82740817107,0.884754229115,0.783617190317,0.875601268353,0.856623264744,0.87653879271,0.75799905167,0.88591519985,0.0430876239594,0.00223224165182,0.0388202552576,0.00460355861164
3.04246945381,0.252251768112,0.819470654581,0.877919254575,sqrt,1e-07,5,10,300,"{'max_features': 'sqrt', 'min_impurity_split': 1e-07, 'min_samples_split': 10, 'n_estimators': 300, 'min_samples_leaf': 5}",132,0.858193982628,0.868719718857,0.829404264079,0.880042089058,0.790082893637,0.877836034947,0.856529354682,0.875858153974,0.762974995338,0.88714027604,0.657493228863,0.015095575381,0.0374773115071,0.00597361166669
5.96188025475,1.25124640465,0.820918209943,0.878195878133,sqrt,1e-07,5,10,500,"{'max_features': 'sqrt', 'min_impurity_split': 1e-07, 'min_samples_split': 10, 'n_estimators': 500, 'min_samples_leaf': 5}",127,0.862690401914,0.871610518161,0.828319517118,0.879962261191,0.791226180412,0.878780960081,0.855739960554,0.874401080121,0.766445425928,0.886224571111,1.34247821657,0.178038859176,0.0370348408372,0.0050137769964
0.668824672699,0.084014749527,0.843555041269,0.977107183513,sqrt,1e-10,1,2,50,"{'max_features': 'sqrt', 'min_impurity_split': 1e-10, 'min_samples_split': 2, 'n_estimators': 50, 'min_samples_leaf': 1}",85,0.881147301073,0.977976349689,0.825704416604,0.976977888727,0.822984992593,0.976397326431,0.872606509951,0.975513063114,0.81526391152,0.978671289604,0.238048564275,0.0480824883602,0.0275683002814,0.00111925973489
2.73852734566,0.280308055878,0.85275951288,0.978807814032,sqrt,1e-10,1,2,100,"{'max_features': 'sqrt', 'min_impurity_split': 1e-10, 'min_samples_split': 2, 'n_estimators': 100, 'min_samples_leaf': 1}",34,0.888388959196,0.979306858594,0.838902242857,0.976631956631,0.828598248153,0.979670030277,0.880077816213,0.979665745648,0.827755221509,0.978764479012,0.0312424805691,0.00480906204542,0.0261422216089,0.00113707891872
3.60977916718,0.272777605057,0.850228886884,0.979422284036,sqrt,1e-10,1,2,300,"{'max_features': 'sqrt', 'min_impurity_split': 1e-10, 'min_samples_split': 2, 'n_estimators': 300, 'min_samples_leaf': 1}",49,0.886833402501,0.978469401604,0.835467479758,0.979864654992,0.832252635214,0.979848499215,0.882692173819,0.979053927896,0.813823422065,0.979874936475,0.715407971892,0.0221338614213,0.0291878553461,0.000570248515436
6.69897632599,1.11458640099,0.854349241194,0.979394253784,sqrt,1e-10,1,2,500,"{'max_features': 'sqrt', 'min_impurity_split': 1e-10, 'min_samples_split': 2, 'n_estimators': 500, 'min_samples_leaf': 1}",22,0.889559813175,0.979288833418,0.837618144001,0.980235115347,0.84222711477,0.978902878309,0.887845723941,0.979015985826,0.814431687758,0.979528456018,1.92828637009,0.38567171863,0.0296016304111,0.00047343602894
0.422839927673,0.0448050022125,0.839710879798,0.958675682956,sqrt,1e-10,1,5,50,"{'max_features': 'sqrt', 'min_impurity_split': 1e-10, 'min_samples_split': 5, 'n_estimators': 50, 'min_samples_leaf': 1}",106,0.88786212611,0.963092685701,0.821280208064,0.961456271649,0.829237901125,0.956584694862,0.871587971804,0.954731248854,0.788483707144,0.957513513715,0.00272934675962,0.000653645715382,0.0358011578772,0.00311522120141
1.65666003227,0.245286989212,0.843358144602,0.959957348132,sqrt,1e-10,1,5,100,"{'max_features': 'sqrt', 'min_impurity_split': 1e-10, 'min_samples_split': 5, 'n_estimators': 100, 'min_samples_leaf': 1}",86,0.884412438462,0.958521503673,0.833083420419,0.961711753681,0.837253075411,0.960858102132,0.877598163031,0.958823869628,0.784337489237,0.959871511548,0.670496718289,0.0724053981785,0.0360037488288,0.00120358525649
5.01177196503,0.257258081436,0.848204578846,0.961292014585,sqrt,1e-10,1,5,300,"{'max_features': 'sqrt', 'min_impurity_split': 1e-10, 'min_samples_split': 5, 'n_estimators': 300, 'min_samples_leaf': 1}",57,0.883982246885,0.960610452745,0.842779385586,0.961567292708,0.826214022857,0.960650079077,0.881007818411,0.960752725131,0.806934756782,0.962879523263,0.592876628188,0.00884767374885,0.0302341555394,0.000867571634028
7.74117980003,1.01733059883,0.849081212052,0.961214341206,sqrt,1e-10,1,5,500,"{'max_features': 'sqrt', 'min_impurity_split': 1e-10, 'min_samples_split': 5, 'n_estimators': 500, 'min_samples_leaf': 1}",54,0.886496381355,0.960442737329,0.844461535467,0.962416625326,0.83116854374,0.960850974707,0.881960066926,0.961074065963,0.801206444867,0.961287302703,0.965336645771,0.348402098028,0.0319779951768,0.000663007599239
0.379161977768,0.0488359928131,0.841968937712,0.933522192906,sqrt,1e-10,1,10,50,"{'max_features': 'sqrt', 'min_impurity_split': 1e-10, 'min_samples_split': 10, 'n_estimators': 50, 'min_samples_leaf': 1}",97,0.877580431112,0.933155773359,0.840921024115,0.935231652736,0.818281894456,0.933156598947,0.874076180457,0.933077337822,0.798865973661,0.932989601665,0.0168367492626,0.00865387412035,0.0307146994412,0.000856939275885
2.05017342567,0.287108659744,0.842842462846,0.934709636258,sqrt,1e-10,1,10,100,"{'max_features': 'sqrt', 'min_impurity_split': 1e-10, 'min_samples_split': 10, 'n_estimators': 100, 'min_samples_leaf': 1}",89,0.879590525203,0.933272830077,0.83671117225,0.933067345326,0.824920931947,0.936724691435,0.871290327968,0.935199881682,0.801593781788,0.935283432772,0.243043502104,0.0176376133937,0.0290478773219,0.00137051536937
3.78940839767,0.247779417038,0.842379157141,0.936371334979,sqrt,1e-10,1,10,300,"{'max_features': 'sqrt', 'min_impurity_split': 1e-10, 'min_samples_split': 10, 'n_estimators': 300, 'min_samples_leaf': 1}",92,0.878719772376,0.933978724491,0.837178388529,0.937846349116,0.820819583841,0.934480228097,0.877246380868,0.937351693613,0.797824281307,0.938199679578,1.07940964382,0.0135481197501,0.0316578555872,0.00177654067857
6.99633817673,1.09783658981,0.84324546099,0.936964167834,sqrt,1e-10,1,10,500,"{'max_features': 'sqrt', 'min_impurity_split': 1e-10, 'min_samples_split': 10, 'n_estimators': 500, 'min_samples_leaf': 1}",87,0.880539866638,0.934167314608,0.838141532729,0.938093691229,0.819745866891,0.935040803054,0.872420428755,0.937785162275,0.80526860829,0.939733868003,0.827743102217,0.299835027387,0.0291944572861,0.00205634695744
0.602355289459,0.0836450099945,0.832071258395,0.94156007132,sqrt,1e-10,2,2,50,"{'max_features': 'sqrt', 'min_impurity_split': 1e-10, 'min_samples_split': 2, 'n_estimators': 50, 'min_samples_leaf': 2}",118,0.875294181775,0.943250910416,0.826672992072,0.942201363764,0.814186312156,0.936017879715,0.865104770607,0.943551342663,0.778967605516,0.942778860044,0.316586739725,0.0465226615585,0.0350043905768,0.00280844042678
2.31900000572,0.27672700882,0.836739680524,0.941546174719,sqrt,1e-10,2,2,100,"{'max_features': 'sqrt', 'min_impurity_split': 1e-10, 'min_samples_split': 2, 'n_estimators': 100, 'min_samples_leaf': 2}",110,0.878465656145,0.940900173132,0.826223417237,0.944274765124,0.819578811991,0.941220599656,0.871302073122,0.93763419433,0.788020824428,0.943701141355,0.0280900690785,0.00736020601979,0.0338015843593,0.00236287936764
2.72313981056,0.26034078598,0.840248292055,0.943011937763,sqrt,1e-10,2,2,300,"{'max_features': 'sqrt', 'min_impurity_split': 1e-10, 'min_samples_split': 2, 'n_estimators': 300, 'min_samples_leaf': 2}",104,0.879896819059,0.94207331943,0.837313569946,0.942864045567,0.819460162067,0.942557500835,0.87348618158,0.942958029264,0.790958128295,0.944606793716,0.573766850495,0.0161562278448,0.0333011847413,0.00085508608167
7.50362620354,1.14090256691,0.842380261637,0.94341143202,sqrt,1e-10,2,2,500,"{'max_features': 'sqrt', 'min_impurity_split': 1e-10, 'min_samples_split': 2, 'n_estimators': 500, 'min_samples_leaf': 2}",91,0.879962885739,0.942088092784,0.839597253771,0.944477621824,0.820726004616,0.942020617321,0.878717224462,0.943522346759,0.792777940919,0.94494848141,0.992870863719,0.589344061525,0.0336658623968,0.00119976463231
1.01181778908,0.13673825264,0.838448951411,0.936103031019,sqrt,1e-10,2,5,50,"{'max_features': 'sqrt', 'min_impurity_split': 1e-10, 'min_samples_split': 5, 'n_estimators': 50, 'min_samples_leaf': 2}",108,0.869762498654,0.933865941609,0.831416573145,0.937211080642,0.820637793736,0.934806940645,0.87446003989,0.934262654147,0.79588412346,0.940368538055,0.101874822096,0.00290099958514,0.0298436001354,0.00242873343777
2.19610624313,0.259008550644,0.842227885911,0.938916458691,sqrt,1e-10,2,5,100,"{'max_features': 'sqrt', 'min_impurity_split': 1e-10, 'min_samples_split': 5, 'n_estimators': 100, 'min_samples_leaf': 2}",94,0.884033526821,0.937052107782,0.831175773617,0.939355469066,0.82655166497,0.936055020218,0.872758784254,0.941385572349,0.796513633242,0.940734124039,0.255257962711,0.0950558410067,0.032052755807,0.00206188235004
2.54189124107,0.306476163864,0.839810705634,0.93839850877,sqrt,1e-10,2,5,300,"{'max_features': 'sqrt', 'min_impurity_split': 1e-10, 'min_samples_split': 5, 'n_estimators': 300, 'min_samples_leaf': 2}",105,0.879837648899,0.937680484078,0.8378851592,0.940165312062,0.819541324943,0.937288619467,0.876043282094,0.936656199784,0.785614728909,0.940201928459,0.461244438042,0.0955453370584,0.0353938220465,0.00149378517691
8.05942807198,0.644239664078,0.841150848628,0.939138263639,sqrt,1e-10,2,5,500,"{'max_features': 'sqrt', 'min_impurity_split': 1e-10, 'min_samples_split': 5, 'n_estimators': 500, 'min_samples_leaf': 2}",101,0.879794401357,0.939044564206,0.837079176234,0.939880574857,0.820589355547,0.937976990191,0.879341449668,0.937859450334,0.788830646954,0.940929738607,0.887563116305,0.399880381847,0.0350010313548,0.00116216243085
1.06451821327,0.136850404739,0.835202589706,0.914863168515,sqrt,1e-10,2,10,50,"{'max_features': 'sqrt', 'min_impurity_split': 1e-10, 'min_samples_split': 10, 'n_estimators': 50, 'min_samples_leaf': 2}",113,0.87152504421,0.913929374579,0.832279296048,0.9195391237,0.814947685547,0.913790884846,0.861763343104,0.90977966181,0.795382410102,0.917276797641,0.021865459458,0.00355458782475,0.0283840463241,0.00333328565373
1.94686598778,0.19624042511,0.831206895042,0.917158962425,sqrt,1e-10,2,10,100,"{'max_features': 'sqrt', 'min_impurity_split': 1e-10, 'min_samples_split': 10, 'n_estimators': 100, 'min_samples_leaf': 2}",119,0.865611690148,0.917931908222,0.834409826741,0.918785781762,0.808494405863,0.91789380412,0.866459385777,0.910122378408,0.780929484866,0.921060939613,0.197631154885,0.0920460065233,0.0330965999013,0.00370197026696
2.41264023781,0.35877737999,0.832135307018,0.916242726389,sqrt,1e-10,2,10,300,"{'max_features': 'sqrt', 'min_impurity_split': 1e-10, 'min_samples_split': 10, 'n_estimators': 300, 'min_samples_leaf': 2}",117,0.869403552404,0.913603467599,0.83175214171,0.917433828881,0.808885580796,0.916751310181,0.867187542168,0.914396450776,0.783320528083,0.919028574508,0.318572962783,0.21472525303,0.0332815605807,0.00199061563149
8.16213684082,0.478694581985,0.834301926501,0.916361419183,sqrt,1e-10,2,10,500,"{'max_features': 'sqrt', 'min_impurity_split': 1e-10, 'min_samples_split': 10, 'n_estimators': 500, 'min_samples_leaf': 2}",114,0.874391356717,0.914233701754,0.834064957323,0.917238273797,0.813152909596,0.915996976608,0.868878693476,0.915278505188,0.780884293111,0.919059638566,0.258471022975,0.160542073998,0.0349302829563,0.00166625114672
1.01709675789,0.1373442173,0.815155731973,0.87506346053,sqrt,1e-10,5,2,50,"{'max_features': 'sqrt', 'min_impurity_split': 1e-10, 'min_samples_split': 2, 'n_estimators': 50, 'min_samples_leaf': 5}",143,0.858145713431,0.87192031268,0.81920592173,0.875025997996,0.77951748206,0.873224179858,0.853187031219,0.871173972217,0.765560303938,0.883972839901,0.027303168311,0.003645818764,0.0375164930461,0.00464260477214
1.84154663086,0.200931930542,0.819735439632,0.878256854764,sqrt,1e-10,5,2,100,"{'max_features': 'sqrt', 'min_impurity_split': 1e-10, 'min_samples_split': 2, 'n_estimators': 100, 'min_samples_leaf': 5}",130,0.860091162513,0.870573179979,0.827801247902,0.884556508751,0.790724718208,0.876736999549,0.856571248065,0.87202412704,0.763321850675,0.887393458498,0.247229377389,0.0876919734748,0.0376051082087,0.00668369480318
2.12613883018,0.359686803818,0.819019808657,0.87955350058,sqrt,1e-10,5,2,300,"{'max_features': 'sqrt', 'min_impurity_split': 1e-10, 'min_samples_split': 2, 'n_estimators': 300, 'min_samples_leaf': 5}",135,0.864431613508,0.874343024232,0.825037682817,0.883046823131,0.788372914769,0.876998650779,0.85340190129,0.87564932095,0.76367758718,0.887729683807,0.264649464701,0.225473193904,0.0381569487152,0.00505909506681
7.38988242149,0.959336614609,0.821017326872,0.879680637875,sqrt,1e-10,5,2,500,"{'max_features': 'sqrt', 'min_impurity_split': 1e-10, 'min_samples_split': 2, 'n_estimators': 500, 'min_samples_leaf': 5}",124,0.864208703912,0.873924537673,0.826606981788,0.881845372316,0.789176824105,0.878905866973,0.856185421341,0.875147171853,0.768740492761,0.888580240559,0.503930455683,0.44402744477,0.0370871237706,0.00525688646976
1.02928700447,0.13706202507,0.821285541731,0.876340066781,sqrt,1e-10,5,5,50,"{'max_features': 'sqrt', 'min_impurity_split': 1e-10, 'min_samples_split': 5, 'n_estimators': 50, 'min_samples_leaf': 5}",123,0.857653628483,0.870734509873,0.827824528191,0.877704496195,0.786322479682,0.873634445397,0.85364303664,0.868030433864,0.780836080233,0.891596448576,0.0201623710864,0.00410207551523,0.0324604980695,0.00827540340586
1.80024356842,0.199564599991,0.818631130227,0.880153302253,sqrt,1e-10,5,5,100,"{'max_features': 'sqrt', 'min_impurity_split': 1e-10, 'min_samples_split': 5, 'n_estimators': 100, 'min_samples_leaf': 5}",138,0.857275656001,0.876075343301,0.830182916121,0.882615058451,0.783122540643,0.875761010039,0.852712949937,0.875584475446,0.769688497703,0.89073062403,0.281052085292,0.0914722279564,0.0358925616776,0.00591161801976
2.02559838295,0.247949028015,0.820700984375,0.879302588557,sqrt,1e-10,5,5,300,"{'max_features': 'sqrt', 'min_impurity_split': 1e-10, 'min_samples_split': 5, 'n_estimators': 300, 'min_samples_leaf': 5}",128,0.860707638451,0.874395180552,0.82827334278,0.882153722024,0.787326715021,0.877149080617,0.855163376058,0.875557222667,0.771869784002,0.887257736923,0.0888142538448,0.00905456802647,0.0356113134856,0.00477831273563
6.89402480125,0.843271827698,0.820984024931,0.87929900884,sqrt,1e-10,5,5,500,"{'max_features': 'sqrt', 'min_impurity_split': 1e-10, 'min_samples_split': 5, 'n_estimators': 500, 'min_samples_leaf': 5}",126,0.864199507552,0.874323884721,0.828519218165,0.882230160394,0.786508125671,0.876118013547,0.857876130539,0.875782722288,0.767642140396,0.888040263251,1.29965605532,0.418111970165,0.0382514670588,0.00514268490742
1.00820417404,0.137454652786,0.818877724771,0.875607129655,sqrt,1e-10,5,10,50,"{'max_features': 'sqrt', 'min_impurity_split': 1e-10, 'min_samples_split': 10, 'n_estimators': 50, 'min_samples_leaf': 5}",136,0.856680153488,0.872125166779,0.834110655199,0.881657609978,0.778757778215,0.869555413087,0.864577618571,0.874691221055,0.760079537834,0.880006237378,0.0269005389853,0.0042647865183,0.0419760863438,0.0045944899251
2.0060353756,0.233459997177,0.819310275007,0.877634761306,sqrt,1e-10,5,10,100,"{'max_features': 'sqrt', 'min_impurity_split': 1e-10, 'min_samples_split': 10, 'n_estimators': 100, 'min_samples_leaf': 5}",133,0.860249969386,0.873962733611,0.826292672006,0.877817578093,0.782710104302,0.875764091391,0.857422750678,0.872689607736,0.769710630073,0.887939795701,0.0765622842656,0.0641866599609,0.0373454138162,0.00543442532391
2.45366392136,0.227705049515,0.818871142332,0.878300389938,sqrt,1e-10,5,10,300,"{'max_features': 'sqrt', 'min_impurity_split': 1e-10, 'min_samples_split': 10, 'n_estimators': 300, 'min_samples_leaf': 5}",137,0.864239311347,0.87374099193,0.828878932413,0.880581493268,0.785871584694,0.874557427622,0.852410126581,0.875800211088,0.762764805042,0.88682182578,0.492181166583,0.00742190688854,0.0387743631698,0.00487579885942
6.75315160751,0.934359645844,0.820004950581,0.878095303475,sqrt,1e-10,5,10,500,"{'max_features': 'sqrt', 'min_impurity_split': 1e-10, 'min_samples_split': 10, 'n_estimators': 500, 'min_samples_leaf': 5}",129,0.863568913665,0.873678500355,0.828517352505,0.880076153653,0.788776503557,0.876015671499,0.854908125554,0.873994804791,0.76407428395,0.886711387077,1.03497959983,0.361475812138,0.0381803811962,0.00487458249457
4.96122012138,0.103068113327,0.86043820347,0.978535731869,auto,1e-07,1,2,50,"{'max_features': 'auto', 'min_impurity_split': 1e-07, 'min_samples_split': 2, 'n_estimators': 50, 'min_samples_leaf': 1}",2,0.870097905878,0.977043342583,0.85586779345,0.979608426537,0.87326824717,0.975485602471,0.88485110121,0.979937438127,0.818088420357,0.980603849628,1.80172560308,0.0507236195034,0.0230868799261,0.00194540897887
7.09382138252,0.269432592392,0.857076122885,0.980172123541,auto,1e-07,1,2,100,"{'max_features': 'auto', 'min_impurity_split': 1e-07, 'min_samples_split': 2, 'n_estimators': 100, 'min_samples_leaf': 1}",4,0.867724330363,0.980875697157,0.842253559839,0.981287670811,0.870569669878,0.978207093071,0.891486263115,0.980452260624,0.81336118556,0.980037896044,0.789933121077,0.00568944361443,0.0268566426051,0.00106745492649
25.6054341793,0.725719642639,0.856958945376,0.980077510592,auto,1e-07,1,2,300,"{'max_features': 'auto', 'min_impurity_split': 1e-07, 'min_samples_split': 2, 'n_estimators': 300, 'min_samples_leaf': 1}",5,0.871360498035,0.97936465111,0.844917917168,0.980968377867,0.86984370864,0.978986400551,0.887110094096,0.980297848227,0.811554369202,0.980770275205,1.09971713617,0.244002913963,0.0264025873318,0.000777278038674
44.758741188,0.615185642242,0.85684937759,0.980123013165,auto,1e-07,1,2,500,"{'max_features': 'auto', 'min_impurity_split': 1e-07, 'min_samples_split': 2, 'n_estimators': 500, 'min_samples_leaf': 1}",6,0.871528556987,0.979609557267,0.845116262318,0.980820096612,0.873439345716,0.978971313225,0.884845619986,0.980296508683,0.809306944102,0.980917590038,0.555489851647,0.361357531305,0.0270872719681,0.000739922718185
3.90303959846,0.0832235813141,0.861052967703,0.97308529097,auto,1e-07,1,5,50,"{'max_features': 'auto', 'min_impurity_split': 1e-07, 'min_samples_split': 5, 'n_estimators': 50, 'min_samples_leaf': 1}",1,0.869028584112,0.968592354677,0.857640861448,0.974694095512,0.871967222509,0.974058269597,0.88818136762,0.972476474627,0.818431066587,0.975605260439,1.4382933949,0.0528506196892,0.0234240298759,0.00246748128503
7.63820343018,0.0955093383789,0.85335883685,0.972103538675,auto,1e-07,1,5,100,"{'max_features': 'auto', 'min_impurity_split': 1e-07, 'min_samples_split': 5, 'n_estimators': 100, 'min_samples_leaf': 1}",26,0.869624627131,0.970611631948,0.840446430288,0.97352661061,0.875609009286,0.972201737496,0.883022882588,0.970636306676,0.798079671565,0.973541406645,0.160929534511,0.0322835883011,0.0311669894473,0.00130236680417
20.4252315998,0.329810619354,0.855281446065,0.974306920433,auto,1e-07,1,5,300,"{'max_features': 'auto', 'min_impurity_split': 1e-07, 'min_samples_split': 5, 'n_estimators': 300, 'min_samples_leaf': 1}",14,0.870536411171,0.973602550449,0.848264036629,0.974098069962,0.873720626965,0.974493379572,0.883862921149,0.97389073856,0.799994829047,0.975449863622,1.45445500722,0.171037991555,0.0299674855352,0.00064094447307
33.8325982094,1.16339321136,0.855243724545,0.97419311753,auto,1e-07,1,5,500,"{'max_features': 'auto', 'min_impurity_split': 1e-07, 'min_samples_split': 5, 'n_estimators': 500, 'min_samples_leaf': 1}",15,0.871050796527,0.974037152259,0.847545178395,0.974804849814,0.871379510268,0.972757748492,0.881299423238,0.973993860492,0.804915753862,0.975371976591,1.24881503042,0.387303559444,0.027485104644,0.000881843283127
4.06381459236,0.0961815834045,0.856259405455,0.958789591773,auto,1e-07,1,10,50,"{'max_features': 'auto', 'min_impurity_split': 1e-07, 'min_samples_split': 10, 'n_estimators': 50, 'min_samples_leaf': 1}",9,0.873674024127,0.956907189597,0.855475376648,0.95899311692,0.865623940083,0.958399027206,0.876813902707,0.959434285811,0.809652436847,0.960214339332,0.85178111564,0.0450409883264,0.0244262487436,0.00111201952553
5.60431022644,0.154069757462,0.856322419719,0.960392760753,auto,1e-07,1,10,100,"{'max_features': 'auto', 'min_impurity_split': 1e-07, 'min_samples_split': 10, 'n_estimators': 100, 'min_samples_leaf': 1}",8,0.868252104324,0.961855102339,0.852797567001,0.960573516286,0.870160211121,0.956560931536,0.879610286648,0.961395370915,0.810762947321,0.961578882689,1.28176839042,0.0877536572632,0.0243337897521,0.00196296423863
17.2908275604,0.538954353333,0.855128449212,0.961774410984,auto,1e-07,1,10,300,"{'max_features': 'auto', 'min_impurity_split': 1e-07, 'min_samples_split': 10, 'n_estimators': 300, 'min_samples_leaf': 1}",16,0.867398692906,0.960842418765,0.852152178702,0.960958277663,0.868597469532,0.961559860356,0.880520688384,0.963130841341,0.80694116835,0.962380656794,1.13083558952,0.25257173731,0.0257044915924,0.000870419710233
28.8053487778,1.28739156723,0.854567149167,0.961702884865,auto,1e-07,1,10,500,"{'max_features': 'auto', 'min_impurity_split': 1e-07, 'min_samples_split': 10, 'n_estimators': 500, 'min_samples_leaf': 1}",20,0.866811485833,0.962285110974,0.855262006346,0.961432936536,0.867367465751,0.959336463632,0.880553968228,0.963267204823,0.802796201768,0.962192708361,0.144908432784,0.0557778053291,0.0270749462734,0.00131900210617
3.44622178078,0.0989598274231,0.85382940603,0.968384033641,auto,1e-07,2,2,50,"{'max_features': 'auto', 'min_impurity_split': 1e-07, 'min_samples_split': 2, 'n_estimators': 50, 'min_samples_leaf': 2}",24,0.876571188162,0.967152522461,0.845502937226,0.973334288172,0.863665630934,0.963486230129,0.887215338734,0.967836110707,0.796142227118,0.970111016734,1.70790403563,0.0452815992195,0.0320020645244,0.00326474529163
6.27862100601,0.156150197983,0.855504129899,0.970539494517,auto,1e-07,2,2,100,"{'max_features': 'auto', 'min_impurity_split': 1e-07, 'min_samples_split': 2, 'n_estimators': 100, 'min_samples_leaf': 2}",12,0.86650481098,0.970835103971,0.847026481285,0.971671172743,0.870123639927,0.968037714577,0.889078149685,0.971640276382,0.804778867504,0.970513204911,1.3690730032,0.0911908730743,0.0286422414505,0.00132961613114
20.2832278252,0.478998422623,0.850991303839,0.97229316801,auto,1e-07,2,2,300,"{'max_features': 'auto', 'min_impurity_split': 1e-07, 'min_samples_split': 2, 'n_estimators': 300, 'min_samples_leaf': 2}",45,0.866640076348,0.972935036484,0.847583864761,0.97356501249,0.869659182674,0.970202314902,0.884840529781,0.97249261639,0.786190654135,0.972270859784,0.885327201895,0.255710191263,0.0344748213695,0.00113503546638
32.8913854122,1.05417718887,0.852764576553,0.971953536646,auto,1e-07,2,2,500,"{'max_features': 'auto', 'min_impurity_split': 1e-07, 'min_samples_split': 2, 'n_estimators': 500, 'min_samples_leaf': 2}",33,0.869866765722,0.971681509272,0.849366935016,0.973731330522,0.873297142468,0.970743589771,0.884350531982,0.972809249628,0.786894250513,0.970802004039,1.62274962002,0.352266078344,0.0347990929454,0.00116247954392
2.62354960442,0.0798386096954,0.846178340718,0.967092843533,auto,1e-07,2,5,50,"{'max_features': 'auto', 'min_impurity_split': 1e-07, 'min_samples_split': 5, 'n_estimators': 50, 'min_samples_leaf': 2}",67,0.866659766339,0.9674540053,0.845562134641,0.969123236971,0.863485046623,0.966204261174,0.878336703568,0.966426351926,0.776779551662,0.966256362294,1.0607089278,0.0451116687139,0.0362274464847,0.00111233321178
7.10414266586,0.157791185379,0.850534177693,0.968419504198,auto,1e-07,2,5,100,"{'max_features': 'auto', 'min_impurity_split': 1e-07, 'min_samples_split': 5, 'n_estimators': 100, 'min_samples_leaf': 2}",47,0.865383969967,0.96656296828,0.84499096426,0.971068586191,0.864674639952,0.96621984094,0.882277249019,0.969929739642,0.795311973617,0.968316385938,0.95190856569,0.0925542276292,0.0300098849991,0.00187586374486
18.2974384785,0.692611932755,0.852894020528,0.968812792532,auto,1e-07,2,5,300,"{'max_features': 'auto', 'min_impurity_split': 1e-07, 'min_samples_split': 5, 'n_estimators': 300, 'min_samples_leaf': 2}",32,0.871747878482,0.967776288109,0.848088988879,0.969578470349,0.868946729074,0.968053912937,0.886436163492,0.969681697125,0.789201898483,0.968973594143,0.635516521492,0.230083876751,0.0340919265802,0.000776833898443
31.9545000553,0.789726161957,0.854189833306,0.969309213929,auto,1e-07,2,5,500,"{'max_features': 'auto', 'min_impurity_split': 1e-07, 'min_samples_split': 5, 'n_estimators': 500, 'min_samples_leaf': 2}",23,0.871862172711,0.968900808764,0.84775425803,0.969928713425,0.872822584874,0.967721949858,0.887235950639,0.96975026611,0.791235452813,0.970244331489,0.875495289892,0.480970678477,0.033910166458,0.000909830040627
2.69020037651,0.0417292118073,0.847703545021,0.9551646483,auto,1e-07,2,10,50,"{'max_features': 'auto', 'min_impurity_split': 1e-07, 'min_samples_split': 10, 'n_estimators': 50, 'min_samples_leaf': 2}",58,0.864963845002,0.956314254075,0.849714515492,0.953803269106,0.863920227776,0.95597286255,0.887348369422,0.956482587442,0.772504314759,0.953250268325,1.04698685171,0.000525514982748,0.0394509485369,0.00135867371277
5.66663117409,0.156320428848,0.850607693603,0.956418104765,auto,1e-07,2,10,100,"{'max_features': 'auto', 'min_impurity_split': 1e-07, 'min_samples_split': 10, 'n_estimators': 100, 'min_samples_leaf': 2}",46,0.867288229696,0.957306846411,0.856123447025,0.956858625019,0.8617976001,0.954476587178,0.875596183485,0.957935514864,0.792156468781,0.955512950355,1.68079094407,0.0874879941961,0.0298989876975,0.0012550098214
17.9826024055,0.359697055817,0.853013937409,0.956676406926,auto,1e-07,2,10,300,"{'max_features': 'auto', 'min_impurity_split': 1e-07, 'min_samples_split': 10, 'n_estimators': 300, 'min_samples_leaf': 2}",31,0.869852412622,0.957091427492,0.853474241251,0.955247426277,0.865955166031,0.954831656066,0.882069573629,0.959322527917,0.793658642547,0.956888996879,0.961324039269,0.225567679823,0.031025288334,0.00159150773095
28.39252038,1.03550224304,0.853154602141,0.957448280416,auto,1e-07,2,10,500,"{'max_features': 'auto', 'min_impurity_split': 1e-07, 'min_samples_split': 10, 'n_estimators': 500, 'min_samples_leaf': 2}",27,0.867665153027,0.957897977506,0.856026000245,0.95733496535,0.867793076839,0.955313816825,0.882899197288,0.959660589589,0.79132964555,0.957034052812,0.784802399928,0.398762678685,0.0320431755639,0.0014026331655
2.98088998795,0.0973591804504,0.845795270351,0.931399812276,auto,1e-07,5,2,50,"{'max_features': 'auto', 'min_impurity_split': 1e-07, 'min_samples_split': 2, 'n_estimators': 50, 'min_samples_leaf': 5}",73,0.87214775286,0.923398293189,0.843797188446,0.93700355456,0.844813333155,0.929405508959,0.886010713812,0.929572212694,0.78212338279,0.937619491979,1.21924112853,0.0445611461373,0.035677530555,0.00531842113499
5.24086852074,0.118705034256,0.845898503617,0.932683097046,auto,1e-07,5,2,100,"{'max_features': 'auto', 'min_impurity_split': 1e-07, 'min_samples_split': 2, 'n_estimators': 100, 'min_samples_leaf': 5}",71,0.862833578272,0.928819811307,0.843494145404,0.936020529551,0.851067743577,0.930597124112,0.882758286539,0.930033839575,0.789288658375,0.937944180684,1.95033835307,0.0719577256958,0.0312310711967,0.00360866406608
14.2930196285,0.428856801987,0.845129071453,0.933321490355,auto,1e-07,5,2,300,"{'max_features': 'auto', 'min_impurity_split': 1e-07, 'min_samples_split': 2, 'n_estimators': 300, 'min_samples_leaf': 5}",76,0.864207028435,0.929539968956,0.844657551446,0.938170982781,0.845144447155,0.931254320589,0.88348062142,0.928737675019,0.788091548681,0.938904504428,1.1958470377,0.231622958021,0.031882775306,0.00434216722133
25.6352391243,0.876154661179,0.845663923386,0.933443093657,auto,1e-07,5,2,500,"{'max_features': 'auto', 'min_impurity_split': 1e-07, 'min_samples_split': 2, 'n_estimators': 500, 'min_samples_leaf': 5}",74,0.864563239307,0.930376545178,0.843613824763,0.938118495349,0.845718103686,0.92989882909,0.88468298733,0.929581933262,0.789683361095,0.939239665408,1.59447937216,0.414775860705,0.0316608076332,0.00429729485905
2.75941472054,0.09722905159,0.844752249772,0.931888819411,auto,1e-07,5,5,50,"{'max_features': 'auto', 'min_impurity_split': 1e-07, 'min_samples_split': 5, 'n_estimators': 50, 'min_samples_leaf': 5}",79,0.863424215781,0.927035302409,0.842380665323,0.938643810295,0.846726892602,0.928149401321,0.884298400355,0.927598969121,0.786874866585,0.938016613909,1.22721509787,0.0443186762907,0.0324524694596,0.00527489256174
5.34939084053,0.160305929184,0.844704119151,0.933143913933,auto,1e-07,5,5,100,"{'max_features': 'auto', 'min_impurity_split': 1e-07, 'min_samples_split': 5, 'n_estimators': 100, 'min_samples_leaf': 5}",80,0.859500260497,0.931086331291,0.841854706096,0.938755978371,0.848567677287,0.928826269365,0.885076725255,0.929255066974,0.788480031005,0.937795923665,1.16811047787,0.0904639496915,0.0317077803762,0.00426931595027
15.9111045837,0.248093414307,0.846919615554,0.932694384274,auto,1e-07,5,5,300,"{'max_features': 'auto', 'min_impurity_split': 1e-07, 'min_samples_split': 5, 'n_estimators': 300, 'min_samples_leaf': 5}",60,0.868226633572,0.929755587624,0.843389539228,0.936878901209,0.846749589577,0.930255387941,0.885718989695,0.928048588973,0.7904520259,0.938533455623,1.0924843658,0.0178969905829,0.0321090568002,0.00418983481887
26.064474678,1.08348441124,0.846774275575,0.933325781514,auto,1e-07,5,5,500,"{'max_features': 'auto', 'min_impurity_split': 1e-07, 'min_samples_split': 5, 'n_estimators': 500, 'min_samples_leaf': 5}",61,0.866491526665,0.929792970767,0.845042329288,0.938868960924,0.847162022548,0.929767359989,0.884664422865,0.929399846397,0.790449058217,0.938799769493,1.25065056224,0.251357192283,0.0316056172501,0.00449994365375
3.44675197601,0.131132268906,0.849763032915,0.930442302785,auto,1e-07,5,10,50,"{'max_features': 'auto', 'min_impurity_split': 1e-07, 'min_samples_split': 10, 'n_estimators': 50, 'min_samples_leaf': 5}",52,0.870982665411,0.928180816111,0.842032103947,0.936770481044,0.849692220451,0.929597471515,0.887520361552,0.922756106285,0.798541300443,0.934906638973,0.817508547556,0.000887489731328,0.0301821241646,0.00499763576431
4.90760593414,0.118469810486,0.843758662237,0.932567953037,auto,1e-07,5,10,100,"{'max_features': 'auto', 'min_impurity_split': 1e-07, 'min_samples_split': 10, 'n_estimators': 100, 'min_samples_leaf': 5}",84,0.867224837863,0.930507605717,0.846719598984,0.937129891605,0.837687580572,0.929638047239,0.882766239814,0.92747067326,0.78430392598,0.938093547361,1.81021826352,0.0683949299783,0.0336062006428,0.00424629523991
14.6562036514,0.45379114151,0.846336161492,0.933517878809,auto,1e-07,5,10,300,"{'max_features': 'auto', 'min_impurity_split': 1e-07, 'min_samples_split': 10, 'n_estimators': 300, 'min_samples_leaf': 5}",65,0.865448561398,0.930144200559,0.844843829272,0.938530149478,0.845057586121,0.930803709617,0.884888841311,0.92938262448,0.791381230504,0.938728709912,1.87798181036,0.262805882915,0.0312091306238,0.00419819879803
25.0831111431,1.0343249321,0.845984738845,0.933354191657,auto,1e-07,5,10,500,"{'max_features': 'auto', 'min_impurity_split': 1e-07, 'min_samples_split': 10, 'n_estimators': 500, 'min_samples_leaf': 5}",69,0.867000348463,0.93027701129,0.845435717471,0.938679029375,0.849382785104,0.930150675359,0.882965278118,0.929267059394,0.785068990628,0.93839718287,1.30290452759,0.393505433963,0.0332436309645,0.00424786682712
4.49862680435,0.0620327472687,0.850070041027,0.97932228163,auto,1e-10,1,2,50,"{'max_features': 'auto', 'min_impurity_split': 1e-10, 'min_samples_split': 2, 'n_estimators': 50, 'min_samples_leaf': 1}",51,0.868711078396,0.977392418141,0.83712865811,0.981670128832,0.872817106727,0.978767448579,0.869171995505,0.978040803821,0.802501712417,0.980740608776,1.87331382596,0.0362613369593,0.0270435173762,0.0016247114546
8.39171776772,0.194801616669,0.85236400625,0.9797258973,auto,1e-10,1,2,100,"{'max_features': 'auto', 'min_impurity_split': 1e-10, 'min_samples_split': 2, 'n_estimators': 100, 'min_samples_leaf': 1}",37,0.872030332266,0.979749409266,0.835562540162,0.980169266587,0.871011847677,0.978372756167,0.874410360323,0.979789402452,0.808795071994,0.980548652026,0.788796611432,0.0910618143038,0.0260718568546,0.000736081286983
27.3815565586,0.67473783493,0.856524446343,0.980811239975,auto,1e-10,1,2,300,"{'max_features': 'auto', 'min_impurity_split': 1e-10, 'min_samples_split': 2, 'n_estimators': 300, 'min_samples_leaf': 1}",7,0.873328545727,0.981250997494,0.842595028692,0.981291731578,0.873533024699,0.979371905115,0.886944252722,0.980541275131,0.806211467181,0.981600290556,0.467427382549,0.213274466663,0.0290457677517,0.000798927472362
44.205687809,1.15356760025,0.855316560754,0.980443012871,auto,1e-10,1,2,500,"{'max_features': 'auto', 'min_impurity_split': 1e-10, 'min_samples_split': 2, 'n_estimators': 500, 'min_samples_leaf': 1}",13,0.873738036978,0.981280245975,0.843586139267,0.981926598809,0.870456857443,0.978421916508,0.884943602909,0.979968067404,0.803835094569,0.980618235658,0.622484218478,0.388148833215,0.0290864064444,0.00120358574581
3.31735081673,0.09713139534,0.859157127732,0.973070203022,auto,1e-10,1,5,50,"{'max_features': 'auto', 'min_impurity_split': 1e-10, 'min_samples_split': 5, 'n_estimators': 50, 'min_samples_leaf': 1}",3,0.87706577106,0.974859625069,0.852359127735,0.974590920894,0.876380176217,0.97178568123,0.88658762593,0.972312344044,0.803354625153,0.971802443872,1.10641423144,0.0452674421619,0.0300830225209,0.00136719960756
6.93251094818,0.204554033279,0.850115831983,0.972656977463,auto,1e-10,1,5,100,"{'max_features': 'auto', 'min_impurity_split': 1e-10, 'min_samples_split': 5, 'n_estimators': 100, 'min_samples_leaf': 1}",50,0.866943343635,0.971963365431,0.846703568516,0.97467819042,0.862784907371,0.970891750278,0.888226913366,0.975111253027,0.785874167552,0.970640328161,0.293727926972,0.075546723123,0.0347202044185,0.00188535245677
20.5208298206,0.693443250656,0.854926482182,0.973684944412,auto,1e-10,1,5,300,"{'max_features': 'auto', 'min_impurity_split': 1e-10, 'min_samples_split': 5, 'n_estimators': 300, 'min_samples_leaf': 1}",18,0.87208605904,0.973700572244,0.844648351681,0.974672104819,0.868723866132,0.971386688628,0.882606988975,0.973224055362,0.806543415957,0.975441301009,0.657604061692,0.229185360721,0.0271804158404,0.00138231087395
35.0399664402,0.762517356873,0.854580842991,0.973973414197,auto,1e-10,1,5,500,"{'max_features': 'auto', 'min_impurity_split': 1e-10, 'min_samples_split': 5, 'n_estimators': 500, 'min_samples_leaf': 1}",19,0.870795091612,0.974171694839,0.842281069108,0.974395246153,0.873322332388,0.97235825386,0.884939036576,0.97423936767,0.801553187083,0.974702508461,0.951550819216,0.569024064431,0.0299806979441,0.000828047102836
2.10902919769,0.0420177936554,0.849399355631,0.959329252896,auto,1e-10,1,10,50,"{'max_features': 'auto', 'min_impurity_split': 1e-10, 'min_samples_split': 10, 'n_estimators': 50, 'min_samples_leaf': 1}",53,0.871778691499,0.961163233219,0.842847710847,0.959878452127,0.868008246025,0.957473225111,0.882365571884,0.961128614891,0.781941979653,0.957002739129,0.732263206929,0.000786707767748,0.0361114944674,0.00177540489234
6.12201743126,0.153992795944,0.851443140443,0.961061945663,auto,1e-10,1,10,100,"{'max_features': 'auto', 'min_impurity_split': 1e-10, 'min_samples_split': 10, 'n_estimators': 100, 'min_samples_leaf': 1}",42,0.866518070312,0.961134856167,0.847920896937,0.95861723167,0.867382193886,0.958897227034,0.87610999235,0.963997149629,0.799244711882,0.962663263817,1.72743873364,0.0909251392492,0.0276492198919,0.00209033927151
18.1589087963,0.253811979294,0.855922108501,0.96135694539,auto,1e-10,1,10,300,"{'max_features': 'auto', 'min_impurity_split': 1e-10, 'min_samples_split': 10, 'n_estimators': 300, 'min_samples_leaf': 1}",10,0.868454623505,0.960753736289,0.85570904833,0.960989888054,0.869300611156,0.959023820915,0.878847068225,0.963814913257,0.807256710409,0.962202368436,1.85616122081,0.0281840584147,0.0254010252857,0.00159363786884
29.7855097771,0.589499568939,0.85566370897,0.961475127195,auto,1e-10,1,10,500,"{'max_features': 'auto', 'min_impurity_split': 1e-10, 'min_samples_split': 10, 'n_estimators': 500, 'min_samples_leaf': 1}",11,0.871757337728,0.961644655467,0.85368761607,0.962020710944,0.866852393508,0.958266414105,0.882265182398,0.963778567275,0.80370733399,0.961665288186,1.11651740348,0.35348107505,0.0275349870889,0.0017868541383
3.69184241295,0.081636762619,0.85313272239,0.969478790088,auto,1e-10,2,2,50,"{'max_features': 'auto', 'min_impurity_split': 1e-10, 'min_samples_split': 2, 'n_estimators': 50, 'min_samples_leaf': 2}",28,0.871976364004,0.968132974292,0.852598418481,0.970387291734,0.870783851829,0.968646112877,0.878430421434,0.969487812134,0.791811420555,0.970739759401,1.377888135,0.0429385755466,0.0318165064489,0.00099197497387
6.90687375069,0.157834482193,0.852733192633,0.970255775475,auto,1e-10,2,2,100,"{'max_features': 'auto', 'min_impurity_split': 1e-10, 'min_samples_split': 2, 'n_estimators': 100, 'min_samples_leaf': 2}",35,0.868090065999,0.97166457019,0.852716698951,0.972459905513,0.867299584421,0.967783465931,0.887065023088,0.968721937873,0.788441692844,0.970648997868,1.42461813238,0.0896481123548,0.0339203868708,0.00175854985119
19.6694657803,0.534479379654,0.853090001277,0.971206596356,auto,1e-10,2,2,300,"{'max_features': 'auto', 'min_impurity_split': 1e-10, 'min_samples_split': 2, 'n_estimators': 300, 'min_samples_leaf': 2}",30,0.870151023099,0.971689888217,0.851639866717,0.973214402439,0.869376044538,0.968830107842,0.885642233853,0.971460083904,0.788587007532,0.970838499378,0.347427550498,0.241496233336,0.0339757282297,0.00142213257248
33.1621326447,0.962714338303,0.854369492172,0.971513082173,auto,1e-10,2,2,500,"{'max_features': 'auto', 'min_impurity_split': 1e-10, 'min_samples_split': 2, 'n_estimators': 500, 'min_samples_leaf': 2}",21,0.87312417614,0.971165789741,0.849312837347,0.973967557558,0.87165165176,0.969722556038,0.887740159532,0.971589969803,0.7899714015,0.971119537725,1.70185781767,0.471782711905,0.0344378236621,0.00137926315326
2.6548116684,0.0971037387848,0.855019548121,0.969128000519,auto,1e-10,2,5,50,"{'max_features': 'auto', 'min_impurity_split': 1e-10, 'min_samples_split': 5, 'n_estimators': 50, 'min_samples_leaf': 2}",17,0.868779727953,0.968918898103,0.854329831743,0.971880097208,0.866650007626,0.966956570776,0.891467038376,0.969800024026,0.793826064341,0.968084412482,0.855732088781,0.046274014647,0.0328370705996,0.0016657466027
6.99893298149,0.0819146633148,0.851200872413,0.96842503651,auto,1e-10,2,5,100,"{'max_features': 'auto', 'min_impurity_split': 1e-10, 'min_samples_split': 5, 'n_estimators': 100, 'min_samples_leaf': 2}",43,0.871174788469,0.967762810774,0.850306274432,0.971219806965,0.865141361898,0.964810995988,0.886674340262,0.969446248637,0.782641806251,0.968885320187,0.970508212497,0.0030094945952,0.0361805417867,0.00212439680774
19.5954890251,0.367656993866,0.852329884852,0.969409471087,auto,1e-10,2,5,300,"{'max_features': 'auto', 'min_impurity_split': 1e-10, 'min_samples_split': 5, 'n_estimators': 300, 'min_samples_leaf': 2}",38,0.866993554148,0.969012609777,0.848702525087,0.971794683189,0.871694531593,0.967542144703,0.88580450352,0.969563949044,0.788416253675,0.969133968724,0.887335783474,0.259371964368,0.034063052256,0.00137356532326
32.0451891422,0.832199668884,0.852401520751,0.969453623278,auto,1e-10,2,5,500,"{'max_features': 'auto', 'min_impurity_split': 1e-10, 'min_samples_split': 5, 'n_estimators': 500, 'min_samples_leaf': 2}",36,0.868017523345,0.970278521027,0.847474024416,0.970492327076,0.870000438485,0.967615806517,0.886335143185,0.96957004196,0.790143617408,0.969311419812,1.47889571666,0.410376240141,0.033462221486,0.00101692747625
2.92153716087,0.114639234543,0.851882479256,0.954781080662,auto,1e-10,2,10,50,"{'max_features': 'auto', 'min_impurity_split': 1e-10, 'min_samples_split': 10, 'n_estimators': 50, 'min_samples_leaf': 2}",40,0.858709350483,0.952582961285,0.850605691108,0.95250442275,0.873650598694,0.953395679267,0.881079462268,0.958235693698,0.795348155508,0.957186646308,1.16643655172,0.0365598226557,0.0302144050434,0.00243537817898
6.03303813934,0.163295459747,0.851086153662,0.956453668511,auto,1e-10,2,10,100,"{'max_features': 'auto', 'min_impurity_split': 1e-10, 'min_samples_split': 10, 'n_estimators': 100, 'min_samples_leaf': 2}",44,0.862326806606,0.956221954884,0.847626414461,0.958832412987,0.863487332888,0.95390214986,0.884031407664,0.957853588095,0.797931975953,0.95545823673,1.38089563169,0.0804244621846,0.0289743159746,0.00174201166381
16.3396118641,0.503533935547,0.851747102166,0.956975158703,auto,1e-10,2,10,300,"{'max_features': 'auto', 'min_impurity_split': 1e-10, 'min_samples_split': 10, 'n_estimators': 300, 'min_samples_leaf': 2}",41,0.869562928686,0.957896074524,0.851733343017,0.956862344593,0.86627907888,0.954260103519,0.881829420465,0.95860388212,0.789269353341,0.957253388758,1.32651634335,0.223118786278,0.0326519185849,0.00148070858413
29.2950573921,0.615657615662,0.853414737983,0.957381443056,auto,1e-10,2,10,500,"{'max_features': 'auto', 'min_impurity_split': 1e-10, 'min_samples_split': 10, 'n_estimators': 500, 'min_samples_leaf': 2}",25,0.868580672387,0.9588994804,0.857343065139,0.957152613657,0.865349717523,0.954487608552,0.882140487986,0.959554420789,0.793593904599,0.956813091882,0.408992332807,0.271351021736,0.0309380900251,0.00177628453183
2.45605902672,0.0598628044128,0.845868477703,0.930530950576,auto,1e-10,5,2,50,"{'max_features': 'auto', 'min_impurity_split': 1e-10, 'min_samples_split': 2, 'n_estimators': 50, 'min_samples_leaf': 5}",72,0.859411507598,0.92716129921,0.846026861775,0.931904972296,0.853811973998,0.926560133007,0.881395535841,0.929190107457,0.788649263046,0.937838240908,1.0202499595,0.0363497510546,0.0309088729399,0.00410375999425
5.48711419106,0.155269575119,0.84445332444,0.932202355579,auto,1e-10,5,2,100,"{'max_features': 'auto', 'min_impurity_split': 1e-10, 'min_samples_split': 2, 'n_estimators': 100, 'min_samples_leaf': 5}",82,0.864559555874,0.929835124742,0.840711486667,0.937250835997,0.839161660916,0.927850837644,0.884553230375,0.929163454034,0.793224259426,0.93691152548,1.91990019145,0.0873297617142,0.030573449207,0.00403578613081
16.1069812298,0.5594602108,0.846755085488,0.932527785369,auto,1e-10,5,2,300,"{'max_features': 'auto', 'min_impurity_split': 1e-10, 'min_samples_split': 2, 'n_estimators': 300, 'min_samples_leaf': 5}",62,0.864427062156,0.929603331208,0.84383585222,0.937263930261,0.84541146884,0.929434531893,0.886388628139,0.928459109116,0.793661544554,0.937878024368,1.49622812933,0.265973048121,0.0306821826789,0.00414079464473
26.4941973209,0.588429021835,0.847292612867,0.932590022438,auto,1e-10,5,2,500,"{'max_features': 'auto', 'min_impurity_split': 1e-10, 'min_samples_split': 2, 'n_estimators': 500, 'min_samples_leaf': 5}",59,0.864999905611,0.929185628417,0.845703659606,0.937095821325,0.846187704339,0.929346186491,0.886219873804,0.929202293055,0.793296340493,0.938120182902,1.32853540394,0.352766698745,0.0307986072402,0.00411032794405
2.8424041748,0.0602382183075,0.842128108666,0.931445384845,auto,1e-10,5,5,50,"{'max_features': 'auto', 'min_impurity_split': 1e-10, 'min_samples_split': 5, 'n_estimators': 50, 'min_samples_leaf': 5}",95,0.857756459634,0.926796715521,0.834458177253,0.93735424555,0.835037712258,0.92703577655,0.889630418076,0.928558330471,0.793730333281,0.937481856135,1.27569680281,0.036276862135,0.0314527692473,0.00491413217623
5.0597427845,0.17434258461,0.845389786505,0.932512260872,auto,1e-10,5,5,100,"{'max_features': 'auto', 'min_impurity_split': 1e-10, 'min_samples_split': 5, 'n_estimators': 100, 'min_samples_leaf': 5}",75,0.862731120647,0.929106686343,0.845759369239,0.937493451537,0.847678247962,0.930562053154,0.879672980411,0.928967192508,0.791046142141,0.93643192082,1.6811749328,0.0794456231056,0.0297643822202,0.0036917408433
15.4115048409,0.675093603134,0.846614289584,0.932699308753,auto,1e-10,5,5,300,"{'max_features': 'auto', 'min_impurity_split': 1e-10, 'min_samples_split': 5, 'n_estimators': 300, 'min_samples_leaf': 5}",63,0.866464918617,0.930964988524,0.844534390105,0.936773424712,0.845647192312,0.928651088741,0.883161242286,0.928506868996,0.793202426223,0.938600172793,0.929090196697,0.216089532969,0.0302749670045,0.00420454802097
26.97544384,0.599727964401,0.84625662985,0.933049945357,auto,1e-10,5,5,500,"{'max_features': 'auto', 'min_impurity_split': 1e-10, 'min_samples_split': 5, 'n_estimators': 500, 'min_samples_leaf': 5}",66,0.86521553005,0.929935429217,0.843267716986,0.938756365923,0.846933718171,0.928613324073,0.885169717104,0.929355660724,0.790641398015,0.938588946847,1.52224430667,0.355534644145,0.0315294423323,0.00461032170959
1.76714029312,0.0501079559326,0.842104778582,0.931757875919,auto,1e-10,5,10,50,"{'max_features': 'auto', 'min_impurity_split': 1e-10, 'min_samples_split': 10, 'n_estimators': 50, 'min_samples_leaf': 5}",96,0.859253788769,0.927266941985,0.840580597792,0.937447014657,0.844567066763,0.930689782757,0.883339499335,0.925999782402,0.782729061528,0.937385857795,0.564299725156,0.0122211636194,0.0332314866965,0.00486837613859
5.55791959763,0.197291183472,0.844537842802,0.93216892903,auto,1e-10,5,10,100,"{'max_features': 'auto', 'min_impurity_split': 1e-10, 'min_samples_split': 10, 'n_estimators': 100, 'min_samples_leaf': 5}",81,0.866674923766,0.930755973918,0.842058255145,0.93678790472,0.845193993555,0.927639614456,0.882901482234,0.928429816412,0.78579277485,0.937231335642,1.77431711656,0.0788918028974,0.0329047870149,0.00408546185759
16.4644797325,0.681069374084,0.845010327895,0.933154953175,auto,1e-10,5,10,300,"{'max_features': 'auto', 'min_impurity_split': 1e-10, 'min_samples_split': 10, 'n_estimators': 300, 'min_samples_leaf': 5}",77,0.864391168608,0.92882435633,0.843713457448,0.937961094759,0.844370326697,0.931339182743,0.885255279594,0.929447992778,0.787259048609,0.938202139266,1.69693999876,0.232283262822,0.032639022509,0.00410769353886
20.1869139194,0.563602495193,0.844822178432,0.933421651539,auto,1e-10,5,10,500,"{'max_features': 'auto', 'min_impurity_split': 1e-10, 'min_samples_split': 10, 'n_estimators': 500, 'min_samples_leaf': 5}",78,0.864144541118,0.930144777916,0.843635331688,0.938840148557,0.847226080515,0.930021289444,0.881357575765,0.929415564084,0.787684826811,0.938686477691,1.92557225142,0.276385588484,0.0315419853053,0.00436869784177
