,test-rmse-mean,test-rmse-std,train-rmse-mean,train-rmse-std
0,195547.771875,8342.33842797,195699.43125,2049.72533546
1,193707.453125,8317.96265502,193861.3625,2015.71868042
2,191876.54375,8266.83569201,192024.771875,2000.16089481
3,190082.375,8197.37699334,190223.953125,1992.90803367
4,188319.7375,8139.87342575,188434.825,1984.17016929
5,186561.121875,8099.77747561,186669.559375,1970.73841465
6,184812.640625,8048.89805146,184918.94375,1942.04212005
7,183067.190625,7996.15418266,183173.065625,1941.7595707
8,181350.746875,7957.19233861,181453.259375,1920.14895361
9,179661.4375,7907.84383917,179746.571875,1911.50840819
10,177992.15625,7840.8801018,178057.33125,1889.00525341
11,176322.084375,7799.34547978,176386.703125,1884.12888017
12,174697.284375,7746.30802469,174753.496875,1877.24408182
13,173064.48125,7702.80143371,173107.6625,1852.0549103
14,171464.996875,7652.47336571,171487.396875,1837.47039683
15,169865.340625,7602.16994376,169880.86875,1829.56600674
16,168301.034375,7564.90346799,168288.4125,1815.17110343
17,166745.815625,7528.81097681,166722.321875,1803.86179765
18,165203.20625,7490.28106478,165167.275,1788.99364907
19,163668.56875,7466.32078159,163627.490625,1771.92801518
20,162160.615625,7419.06390462,162111.709375,1765.78945845
21,160675.33125,7376.18595998,160605.5,1743.51230464
22,159209.215625,7357.05671079,159118.859375,1718.83344522
23,157755.5,7316.68839757,157633.39375,1705.87901454
24,156299.196875,7266.7336759,156167.271875,1694.33379274
25,154875.475,7237.06075391,154723.928125,1688.66245045
26,153467.653125,7225.82798732,153291.353125,1662.04682585
27,152051.45,7206.47632996,151866.084375,1648.75366031
28,150649.75625,7181.91775085,150451.66875,1624.46809442
29,149289.915625,7145.71354552,149060.965625,1612.80171207
30,147938.83125,7106.04594538,147683.95,1592.47187915
31,146580.009375,7071.04655308,146316.334375,1575.63580788
32,145224.925,7046.85674945,144968.875,1554.4613719
33,143890.15,7028.12558464,143620.93125,1532.81467602
34,142596.4,6994.5488285,142296.034375,1510.13448026
35,141293.89375,6963.20735507,140978.209375,1486.68463842
36,140007.596875,6920.46604459,139676.90625,1465.17104587
37,138725.532813,6875.1468015,138387.953125,1453.06226669
38,137479.446875,6843.5912384,137113.41875,1442.258187
39,136242.21875,6827.10608643,135859.559375,1416.8681791
40,134985.948437,6791.6688715,134603.240625,1399.55372217
41,133760.004688,6760.0771074,133356.946875,1378.60576983
42,132538.482813,6710.17204247,132127.903125,1364.74314193
43,131342.2875,6664.96604336,130924.798438,1360.16953944
44,130191.340625,6629.90593373,129725.1375,1347.12547808
45,129038.310937,6595.13721465,128539.460937,1340.09234703
46,127884.507812,6569.59637695,127364.342188,1325.64024515
47,126729.05625,6543.46516891,126198.910937,1307.83622744
48,125600.229688,6522.91578507,125045.1,1296.34786824
49,124468.128125,6490.74681917,123901.771875,1284.2058212
50,123378.351562,6470.89399476,122766.051563,1270.3744513
51,122255.392187,6440.04575892,121641.354688,1260.34828991
52,121159.209375,6404.67794785,120520.828125,1252.70206271
53,120073.910937,6366.20232553,119426.753125,1248.49827655
54,118995.026562,6337.73905077,118337.29375,1248.46563377
55,117928.179687,6284.90296913,117255.935937,1240.96443294
56,116857.428125,6241.68461916,116174.809375,1237.45178242
57,115817.004688,6215.60658401,115119.395313,1232.15340717
58,114799.6,6191.86430307,114070.521875,1216.74605415
59,113796.332812,6159.26140476,113039.096875,1205.75977226
60,112808.892187,6148.87993093,112024.74375,1194.17399659
61,111820.746875,6134.92355284,111018.971875,1180.34228424
62,110837.321875,6099.37969502,110014.3375,1175.38106784
63,109865.701563,6065.68521799,109027.0625,1165.15840592
64,108904.042188,6021.59901694,108041.10625,1151.31274637
65,107936.523438,5981.39886655,107055.054688,1143.18265737
66,106991.609375,5956.25472434,106096.778125,1142.46430695
67,106059.489063,5927.00629229,105139.854688,1132.53768415
68,105135.792187,5898.81212873,104195.625,1127.86738404
69,104229.879687,5884.00841903,103261.44375,1121.65698067
70,103339.829688,5856.7655091,102338.61875,1114.83833642
71,102434.95625,5829.46877277,101416.7,1111.82182728
72,101545.170313,5800.45590154,100501.798437,1107.80131828
73,100665.890625,5787.72798458,99600.0249998,1089.12870618
74,99787.7796874,5766.00881074,98710.825,1083.87650902
75,98936.0843748,5734.91175181,97829.5937502,1074.62663109
76,98090.5218748,5712.22463434,96950.3156248,1067.57128857
77,97243.6125,5694.13498153,96086.6437498,1063.92826954
78,96412.671875,5682.01484499,95224.821875,1046.62331664
79,95587.4828124,5653.74718731,94373.8250002,1041.51274905
80,94764.234375,5625.46063518,93530.0140626,1036.96595946
81,93972.1546876,5613.11930216,92693.9203126,1028.15352049
82,93160.78125,5582.4764061,91862.2312502,1023.2653286
83,92377.38125,5581.80036556,91049.5937502,1016.25862681
84,91589.2171874,5563.2861582,90245.55625,1009.71292448
85,90825.1968748,5552.00711744,89451.0640626,999.640007337
86,90082.9093752,5519.08521635,88655.6921876,993.5410769
87,89309.9640624,5500.72895827,87870.7265624,991.294701676
88,88562.2859374,5480.26264334,87097.9843752,983.049116985
89,87822.0984376,5465.51789332,86324.8921872,978.219781932
90,87102.0703126,5445.2264515,85568.0578126,979.411167592
91,86391.5359376,5417.11600429,84815.809375,970.508920775
92,85678.1109374,5401.67611209,84072.9921876,956.428411137
93,84968.9249998,5380.73985243,83325.1906248,955.489168489
94,84268.2,5374.88888574,82593.265625,939.236683846
95,83557.1015628,5360.82693784,81864.7375,921.423053588
96,82877.3203124,5342.34367357,81146.7921872,914.830561524
97,82206.9187502,5312.43893185,80439.7421874,914.369419469
98,81533.3812498,5310.83021288,79740.9343752,911.296470945
99,80869.040625,5301.61506401,79039.7625,903.941037168
100,80223.4343748,5288.36184162,78354.8312498,896.260827785
101,79571.4156252,5278.41386372,77670.5,886.666786518
102,78928.65,5256.75232376,76996.7703122,880.352869643
103,78292.0734376,5246.86338788,76323.8953128,865.857159211
104,77657.1859372,5238.5666915,75669.7515624,859.415064682
105,77033.4218752,5221.86189439,75016.6375,856.836290005
106,76416.9890628,5211.48297414,74373.0625,855.797088831
107,75786.8765624,5187.59072558,73719.290625,848.972322306
108,75182.5890628,5166.60739326,73082.6765624,840.583360091
109,74575.4296876,5144.73974233,72452.5203128,837.215085758
110,73993.1062498,5120.51912167,71830.9734376,830.405271466
111,73389.4406248,5092.42310935,71208.2562498,827.198088253
112,72817.9132814,5083.17250891,70596.1828126,815.902923161
113,72245.836719,5074.11308298,69988.0234374,810.61464609
114,71669.9421874,5075.85750086,69385.7093752,797.104461637
115,71108.9679688,5060.72021773,68789.9984374,790.077900262
116,70556.5453124,5055.49071923,68199.63125,781.618804324
117,70000.3414064,5016.75064824,67613.1171876,783.317627805
118,69452.3148434,5005.70015541,67033.6375,776.382178497
119,68933.046875,5003.10580495,66467.4718752,763.800624392
120,68402.1601562,4982.06976848,65914.7492186,759.260056539
121,67882.5851562,4963.22553531,65355.2125002,756.842528858
122,67359.9882812,4941.05366511,64802.9703124,749.853201822
123,66825.4632814,4912.08491017,64247.6984374,748.457702592
124,66319.7609374,4904.34106601,63696.1460938,749.243926003
125,65807.3695312,4871.61128357,63153.7601562,755.493638215
126,65298.653906,4839.63128723,62617.2468746,748.751149722
127,64809.7195316,4812.08160808,62084.4601562,753.341183533
128,64328.721094,4796.63666748,61560.235156,748.083084676
129,63854.249219,4785.21325446,61048.4882812,742.289194946
130,63370.5406252,4765.82944571,60532.5945312,739.268890364
131,62902.499219,4754.1709508,60023.5375,736.866575828
132,62432.990625,4745.70447943,59521.60625,730.884167103
133,61965.9625,4737.6017195,59025.5617188,724.009647846
134,61510.325,4729.24504234,58539.3546876,722.745265718
135,61054.009375,4720.68677008,58055.8078126,721.828434515
136,60609.4835936,4707.95449283,57574.5718752,711.418050478
137,60172.4523438,4696.91977616,57096.9523436,704.307052492
138,59737.5992186,4678.55644769,56629.3679686,698.891772411
139,59319.7335936,4668.28467384,56161.9710936,696.181419221
140,58901.390625,4667.26931163,55706.7382814,688.371952862
141,58474.8382812,4657.81120711,55240.5945314,678.980595145
142,58048.2296876,4645.06489532,54782.3453126,679.583949977
143,57640.2773438,4626.8824517,54332.0828122,674.845786768
144,57229.6671874,4612.1019023,53890.7109376,672.792520794
145,56839.5960938,4602.04982799,53451.5375,665.038521029
146,56436.1601564,4597.53214964,53014.6546872,656.07118571
147,56036.4726562,4593.08393957,52580.9734374,653.534639425
148,55648.4992188,4583.45778109,52153.0023438,649.091087275
149,55287.4062502,4571.98622484,51735.4984376,644.805862077
150,54912.5640626,4550.77043598,51320.7609376,641.535978436
151,54536.5703124,4546.05370073,50906.9929688,635.397631581
152,54160.9085936,4538.25807988,50493.103125,633.348241628
153,53788.0898436,4527.3503527,50092.328906,627.13308281
154,53441.853906,4519.56996353,49697.2031248,624.420804106
155,53086.8164064,4506.23519842,49293.9210936,619.089408949
156,52738.346875,4496.28842188,48898.8421876,614.402291493
157,52382.3492188,4491.07295756,48506.8171876,609.890162087
158,52039.9984372,4476.45914905,48123.147656,612.543896007
159,51721.1421876,4466.07615655,47748.280469,613.215576968
160,51391.4445314,4451.0715327,47367.3976564,613.491097518
161,51062.2320312,4428.82860882,46992.8820314,613.150748398
162,50738.5492186,4423.41049572,46626.5750002,610.109956826
163,50404.0546874,4403.90706162,46252.934375,605.749443016
164,50081.2203126,4391.00349992,45897.9867186,603.648317665
165,49772.6210936,4383.11507522,45543.1632812,596.991612132
166,49463.721094,4369.48991041,45190.5578124,589.870227836
167,49147.3921874,4368.56393485,44832.5195312,584.11807811
168,48849.46875,4365.46902114,44480.1578124,575.374317609
169,48545.3445314,4355.34290747,44131.8601564,568.650880615
170,48252.3828126,4354.76480923,43793.4148438,563.134370974
171,47956.4265624,4356.86521247,43449.9960938,554.438976687
172,47669.6976562,4353.0645535,43118.1484374,549.203905937
173,47392.6999998,4347.26761724,42785.896875,543.979692352
174,47109.8070312,4342.18345018,42454.76875,539.107868119
175,46833.1882814,4346.21941959,42129.9390624,534.153002837
176,46553.1953124,4339.69764337,41805.7789062,531.151629183
177,46272.391406,4333.52367,41491.8234376,522.252652181
178,46001.7726562,4321.01985924,41176.2898436,523.14329691
179,45733.322656,4316.16838047,40861.0117188,522.873512544
180,45476.794531,4316.95052429,40551.3039064,512.831437552
181,45224.260156,4313.90617373,40245.0914062,508.654699727
182,44970.4593752,4301.13766633,39943.7203126,507.399540197
183,44735.4640624,4291.26901261,39647.3179688,506.37255455
184,44492.325,4279.61840261,39352.2210938,504.628114545
185,44246.175,4268.1257181,39063.1398436,505.39786289
186,44004.5718748,4265.72129473,38770.7421874,501.581640948
187,43774.1734374,4264.7656,38480.6335938,497.235324643
188,43527.6046876,4260.81163154,38198.6992186,495.083873161
189,43293.4890626,4248.54358056,37915.2796876,491.408722191
190,43062.7445314,4234.40626293,37636.0921876,488.255103976
191,42832.5546874,4226.88194211,37364.4218752,486.687255663
192,42611.3609374,4215.03495542,37092.0984376,486.895993009
193,42401.721875,4207.06842481,36825.0476562,480.682182341
194,42188.4945312,4192.7104149,36560.6398436,478.188201217
195,41973.9828126,4196.33619319,36298.5429688,477.446752586
196,41750.4843748,4180.13742132,36033.6664062,477.135386689
197,41537.6960936,4168.13675587,35770.759375,470.827057967
198,41332.4187498,4151.54555561,35511.1328126,466.160701075
199,41119.3562498,4147.86084647,35256.4593752,463.863766285
200,40919.5242188,4147.55991097,35009.2210938,452.409294071
201,40706.4000002,4137.98630299,34757.3390624,450.410887627
202,40521.8742186,4142.67811997,34507.9867188,447.528915484
203,40321.5031248,4140.08432098,34258.2007812,444.23948481
204,40135.7007814,4135.13527814,34019.0601564,437.905670783
205,39962.0960938,4135.13167633,33787.6476564,433.353354058
206,39780.109375,4126.82093354,33553.3601562,433.671082105
207,39591.9992188,4135.53288927,33318.8476562,430.429510683
208,39406.771875,4123.99914045,33088.0152346,424.432414753
209,39229.4460938,4124.67535734,32859.8714844,421.558544687
210,39054.9078124,4120.5107198,32628.5804686,420.242027653
211,38884.3429688,4110.83883283,32399.4726562,419.889350695
212,38708.1281252,4104.18573422,32174.026172,416.490126716
213,38543.9449218,4094.66569941,31951.9429686,414.536912778
214,38386.6160158,4100.40425254,31736.5816408,414.252936183
215,38220.430078,4092.04828692,31521.038672,410.994841985
216,38056.0371094,4092.64378216,31312.592969,406.145398048
217,37885.990625,4086.91762851,31103.650781,405.281422244
218,37726.5613282,4091.84234244,30895.6046874,402.844231728
219,37562.163672,4085.18704969,30687.3582032,398.419572275
220,37404.6390626,4084.45573092,30482.8101562,395.592888342
221,37247.108203,4085.66150041,30277.8945314,388.736306089
222,37094.836328,4080.59871337,30076.5945312,390.70163361
223,36955.8546876,4089.98889594,29877.177344,388.694242946
224,36805.4367188,4080.46929877,29683.4628906,389.974124102
225,36656.8953122,4083.8135714,29492.4761718,393.906920667
226,36501.7660154,4074.43792306,29295.5332032,392.046333952
227,36368.0964844,4082.96834004,29108.2535156,392.639310977
228,36230.9386718,4082.77813575,28919.085547,389.313245231
229,36095.1007812,4083.75562319,28736.3449218,388.447643417
230,35957.3949216,4078.11416581,28555.0613282,387.18477879
231,35821.6003906,4077.00528861,28372.1117188,386.949578815
232,35688.5441404,4074.40627536,28194.0,384.921555319
233,35562.8984374,4073.61528083,28012.8277346,382.388995252
234,35438.884375,4062.98281937,27841.7464844,384.532376704
235,35326.1546878,4065.02357105,27664.3613282,384.129267159
236,35186.769922,4059.28276853,27488.7066406,383.738985625
237,35068.3941406,4055.5600619,27321.129297,386.941153313
238,34950.6203126,4062.49949667,27153.5531252,383.805530896
239,34833.067578,4071.16311002,26983.4050782,376.941856713
240,34725.2902344,4075.65371718,26818.1265624,374.469788861
241,34607.9503906,4085.32564956,26651.3585938,375.210421259
242,34495.1558594,4098.29329773,26485.6113282,369.587211636
243,34384.5796874,4100.8664853,26328.155469,368.439091629
244,34272.2609372,4099.54492842,26170.616797,367.041817381
245,34155.8492188,4091.25215834,26009.4902344,366.724388574
246,34055.7675782,4086.19040326,25853.0234374,366.771981226
247,33960.3363282,4090.20541239,25702.2789062,366.344288522
248,33862.1714844,4086.67071544,25549.376953,365.344527719
249,33752.7691408,4081.43228251,25397.0097656,366.875228232
250,33650.4648438,4085.14817116,25241.0871094,364.959259847
251,33545.8859374,4082.79981554,25094.8250002,364.367596678
252,33453.1718752,4090.74491062,24953.339453,361.576770855
253,33367.4972656,4084.65122388,24812.0367188,359.91344166
254,33271.9640626,4084.43225095,24672.1468748,357.009937471
255,33188.2808592,4088.24799171,24532.3523438,355.804194104
256,33096.2253906,4086.35509747,24391.9960936,354.404783265
257,33000.1542968,4079.95709344,24258.853125,354.001737047
258,32917.169922,4083.56648499,24119.8027344,353.657102277
259,32837.7441406,4085.70267703,23984.7937498,350.007227521
260,32748.4710938,4081.41477187,23851.121875,347.538690656
261,32658.7914064,4079.89538669,23715.7886718,344.22098099
262,32568.7269532,4079.67475159,23584.3382812,344.579671411
263,32487.6062502,4081.82361066,23456.2609376,345.866905365
264,32409.0488278,4082.19524592,23326.1378904,340.569200982
265,32317.2691404,4078.45672332,23196.6109374,335.16424205
266,32236.1714842,4076.80475346,23071.0976562,334.713181205
267,32151.1734376,4086.94745224,22941.0988282,332.27602127
268,32077.1015622,4082.89513936,22819.1214844,329.615303811
269,31999.8460936,4092.26779393,22698.763672,327.451108139
270,31910.3621094,4082.35688528,22571.1648438,329.308278575
271,31840.3703126,4082.07823726,22452.5808596,333.180645006
272,31764.4738282,4082.61549093,22332.4902344,331.330605372
273,31689.2898436,4081.95980046,22215.9972656,330.174671074
274,31612.2726562,4083.89333801,22103.4429688,331.2500926
275,31533.9714846,4079.37339481,21990.8742186,329.07767463
276,31459.2687498,4079.39706294,21878.295703,328.774765403
277,31387.3511718,4066.09524473,21770.1167968,331.748223173
278,31321.490234,4061.50627885,21655.903125,330.650769574
279,31253.5597654,4058.22366255,21545.5457032,325.452526663
280,31188.9738282,4070.15114456,21435.1027344,320.800477694
281,31125.5078124,4063.43212607,21330.3628906,325.504133914
282,31050.5277348,4074.67498118,21222.2734374,322.124600525
283,30989.6515628,4076.38923984,21114.2300782,321.674860688
284,30920.1152342,4073.65011256,21009.7261716,320.072515175
285,30855.6128906,4078.91493923,20906.7992186,318.60885123
286,30799.7230468,4082.57638147,20803.490625,311.90943903
287,30741.1484378,4082.86897061,20703.0636718,311.416239227
288,30683.6128908,4085.61068876,20604.0816406,306.657708054
289,30624.5824218,4086.44271366,20507.5882812,306.61938134
290,30570.8574218,4094.15185247,20408.7390624,305.799534569
291,30518.770703,4097.99045917,20310.4343748,305.957944042
292,30457.7921876,4097.10006088,20215.6914062,304.599753406
293,30399.1882812,4096.5233433,20122.6804688,302.969670467
294,30343.6558592,4097.77102046,20030.1140624,305.582036051
295,30293.6664062,4100.68005923,19939.8894532,307.714252828
296,30233.7058594,4098.98659009,19850.9421874,307.984920183
297,30168.3351562,4098.4020966,19760.5417968,305.695046917
298,30125.4652344,4105.44674517,19670.7597656,307.509298332
299,30073.767578,4116.80523698,19581.9332032,305.268067882
300,30010.0238282,4113.11399888,19490.7171876,308.35074253
301,29961.3675784,4117.07226218,19407.2898436,307.769538885
302,29907.2347658,4117.82129151,19320.605078,308.909012871
303,29858.9113282,4120.23347541,19232.114453,307.460840818
304,29812.3179688,4116.58284289,19149.8375,306.695638368
305,29772.8429688,4123.83277024,19070.4933594,307.212291429
306,29727.0566406,4120.57739388,18987.8152342,310.036660832
307,29686.4113282,4125.9123721,18906.8558592,308.782785098
308,29637.682422,4131.26079074,18825.0695314,310.236810087
309,29596.516797,4134.62814911,18750.640625,309.628837219
310,29541.7640624,4142.85214201,18668.1499998,309.368260969
311,29502.0273438,4156.05752938,18589.6453124,306.338206453
312,29456.1390624,4152.56853746,18512.2632812,308.316364688
313,29414.2261718,4159.16211499,18437.5359376,311.564926683
314,29373.0609376,4164.34343562,18363.008203,311.457488775
315,29329.6132812,4162.28680364,18293.6597656,310.734758371
316,29289.9957032,4169.47772543,18219.4605466,310.550797237
317,29252.763672,4167.20513649,18146.728125,310.032044614
318,29220.6621092,4164.81739313,18077.3347656,312.280662941
319,29185.81875,4169.17414656,18007.6187502,308.098867415
320,29139.6238282,4174.00827186,17938.015625,306.305999802
321,29102.8316408,4177.00924755,17868.6914064,306.128519489
322,29063.479297,4182.93592388,17799.8398438,307.991564451
323,29036.4394532,4185.01172729,17733.8261718,303.390601566
324,29004.1371096,4183.91161907,17668.5480468,300.325391399
325,28971.5777342,4196.08121154,17601.0074218,299.109875324
326,28936.3246092,4204.74569098,17534.6375002,298.320638625
327,28902.7761718,4202.50552742,17468.6218752,296.176496693
328,28874.560156,4210.36664677,17404.4335938,292.582770044
329,28844.645703,4217.42677083,17345.8851562,295.007272135
330,28814.6835938,4226.09763864,17285.0871096,297.903930422
331,28785.9335936,4230.22743414,17222.0640626,294.989311422
332,28758.9085936,4230.61595053,17160.2554686,294.221526272
333,28724.921875,4238.78937984,17097.9078124,294.316271181
334,28689.24375,4237.65135398,17035.1609374,293.357913492
335,28656.6277346,4240.11073499,16978.5835936,292.132051822
336,28622.298828,4247.99829348,16922.704297,292.220282658
337,28589.7957032,4247.68294962,16864.5589844,289.889080671
338,28564.1015624,4247.52272794,16807.2085938,287.045142426
339,28532.4207034,4257.82734564,16749.4429686,284.491697086
340,28503.6636718,4259.55802272,16690.486133,284.017367046
341,28475.3660158,4259.2334409,16632.8029296,284.677651078
342,28448.5898438,4264.48008248,16575.0066406,284.723648035
343,28425.3152344,4264.85400484,16520.5835938,285.200653437
344,28397.784375,4269.71781895,16467.399414,284.641836775
345,28370.4933592,4271.19007688,16413.9140628,283.973182168
346,28338.603906,4266.66092026,16359.9570312,283.876037493
347,28312.6859374,4268.80391002,16307.1507812,280.57109614
348,28288.384375,4269.21090106,16253.9173828,276.862975226
349,28264.2261718,4273.24215701,16200.4134766,275.546812575
350,28239.282031,4269.67127216,16148.8558592,275.533980336
351,28210.5101562,4271.06066488,16094.8078128,279.113620273
352,28185.9847656,4273.55232303,16046.0628908,277.491831395
353,28156.8386718,4279.80141198,15997.9277342,277.178899655
354,28135.6457032,4277.11130235,15946.065039,277.754990852
355,28116.6101562,4287.52507991,15897.03125,281.172200621
356,28092.4296874,4284.62218983,15846.1279298,280.755936398
357,28078.2402342,4292.09357762,15796.919336,282.340737723
358,28057.2976562,4297.02142996,15750.2958982,280.653627796
359,28037.0308594,4299.76463311,15703.5935544,280.430682306
360,28020.191797,4302.95483564,15657.4398436,280.334306115
361,27998.7972654,4308.11952028,15610.9968752,279.813043727
362,27973.238672,4307.16639988,15565.4064454,277.082628951
363,27951.9273436,4314.37490107,15518.6322266,276.371988568
364,27937.1972656,4319.96379756,15472.5240236,275.343108775
365,27918.789453,4319.95908583,15426.6822266,276.535787171
366,27904.8664062,4329.26152701,15383.7402344,274.604515218
367,27884.2035154,4336.16877054,15337.9935546,272.928684397
368,27864.9433594,4335.76073859,15294.7861328,269.197476363
369,27850.2226562,4339.95989728,15251.2310546,265.913849629
370,27825.0839844,4349.39104742,15210.2394532,267.066881106
371,27806.6292968,4356.80458933,15169.4259764,266.027792289
372,27788.1300782,4360.55582581,15125.516211,265.34816517
373,27778.2851562,4366.69489533,15083.9472656,265.90408894
374,27761.3917968,4372.38303649,15043.0884764,264.158577014
375,27739.8308592,4377.43385655,15000.326953,267.217455321
376,27729.7617186,4381.41042417,14962.516797,267.230911317
377,27712.9992188,4392.51103754,14922.5140628,269.057520307
378,27688.459375,4389.22613213,14881.375,269.494314165
379,27679.6878906,4397.31873792,14843.5117188,269.811463525
380,27656.4574218,4400.45373505,14806.1253904,270.686005918
381,27640.8359376,4400.99193166,14766.092383,269.432548413
382,27626.548047,4412.4139892,14729.3582032,269.163690081
383,27609.9464844,4411.24507491,14689.6349608,273.317771501
384,27595.2828128,4412.89460935,14652.1552734,273.411676495
385,27579.203125,4415.70024157,14616.6804688,271.685636726
386,27568.9289062,4421.16368652,14579.492578,270.640148288
387,27556.3988282,4423.83151475,14543.0628906,272.977073314
388,27547.4605468,4429.60867306,14506.6498044,274.974276929
389,27528.6624998,4432.02127269,14473.3708984,275.46457112
390,27507.8917968,4429.174628,14437.2214844,277.808007671
391,27495.3519528,4436.30963657,14402.1998046,278.361291786
392,27481.61875,4433.56332401,14367.0308592,275.886264357
393,27463.2820314,4434.60325782,14332.8193358,278.711551698
394,27455.961719,4444.18680657,14299.2960936,280.298226495
395,27440.7234372,4450.67712606,14266.9699218,279.587626918
396,27432.2117188,4448.36228553,14233.8546874,279.42635469
397,27420.28125,4451.98226469,14202.2486328,278.114908897
398,27400.6085936,4445.20533083,14169.6681642,279.877794467
399,27384.655078,4451.60875047,14135.9796874,280.4007125
400,27375.2148436,4454.82789286,14104.3218748,280.788062672
401,27366.5824216,4452.89890541,14072.4951172,279.462325978
402,27353.7421874,4450.155943,14043.294531,276.831106808
403,27348.5242188,4455.48621684,14011.1515628,275.457954499
404,27334.5660154,4450.55407997,13981.5765626,273.04182771
405,27324.6753906,4456.81342273,13952.2117186,274.501642143
406,27319.7675782,4463.5302113,13921.765625,275.385258952
407,27311.15625,4474.66621349,13893.0361328,273.786889853
408,27299.1632812,4476.91657207,13862.7597656,274.233166953
409,27285.3335938,4484.53776336,13834.221875,275.226375266
410,27277.498047,4492.27542215,13806.9843752,274.402076565
411,27260.0960938,4494.88716086,13782.325,274.918142529
412,27249.2136716,4494.29305963,13754.0109374,275.344391175
413,27240.0523438,4497.44914528,13727.9785156,274.357713679
414,27229.9808592,4499.00523332,13700.0035158,270.42320815
415,27220.9003906,4505.24686018,13672.3775392,271.177637291
416,27206.6933594,4503.49166699,13646.856836,272.741506607
417,27195.2265626,4506.93465242,13621.0605466,270.008525582
418,27181.7132814,4512.302818,13595.1371094,268.833139953
419,27169.657031,4515.8793607,13568.0642582,269.469738337
420,27160.7859376,4515.76388062,13540.5972654,268.773275249
421,27152.182422,4517.62593762,13512.8814452,267.437658667
422,27143.1929688,4521.88042674,13485.5691408,267.247211444
423,27140.5203126,4527.68706259,13459.540039,270.687157791
424,27131.9722654,4531.92063721,13432.9857422,269.63049814
425,27126.93125,4529.74045606,13407.4222656,270.198246153
426,27113.3023436,4532.18931514,13382.643164,268.871062241
427,27100.7765626,4538.93035605,13358.8320312,269.382858463
428,27092.573047,4541.32068968,13333.5751952,269.244934062
429,27082.6265626,4540.72429731,13310.3083984,268.92669837
430,27075.9390624,4546.43173944,13287.3349606,268.969311613
431,27070.6843748,4555.86612978,13263.6138674,267.129784642
432,27061.58125,4559.22753374,13236.944922,265.800084129
433,27055.5855468,4565.08537955,13209.8628908,264.753574163
434,27045.6589846,4564.31308314,13188.6089844,266.087015658
435,27036.3714846,4564.49004193,13163.7941408,265.674300858
436,27029.7304686,4566.13615576,13142.8960936,267.726930661
437,27025.1308594,4572.22958778,13117.944922,267.26968586
438,27011.482422,4569.51670159,13092.9648438,265.653822916
439,27006.4316406,4570.50106894,13069.4113282,266.921507672
440,26994.2593752,4575.84207179,13046.2607422,265.060601353
441,26983.657031,4579.0402713,13024.9046878,263.731787704
442,26975.5277344,4582.59970094,13000.1923826,262.888633089
443,26969.6734376,4586.92951452,12978.7949218,262.70342996
444,26965.5851562,4595.44494193,12953.9548828,262.144219241
445,26960.9957032,4599.79560063,12932.0164064,265.196744623
446,26956.2273436,4598.08011492,12909.850586,264.000568423
447,26955.3621092,4603.87239653,12886.8070312,264.404848867
448,26945.2621094,4606.13824499,12865.1886718,266.185025499
449,26941.9570312,4612.6580399,12844.866992,267.957033192
450,26934.7132812,4611.18140341,12822.3908202,267.546865906
451,26928.4773436,4607.94402111,12801.315234,266.431260758
452,26928.7769532,4610.84834163,12780.4132812,269.378098184
453,26923.6246094,4615.83937711,12761.8759766,268.875704402
454,26913.6542968,4619.38870598,12740.6962892,268.235475508
455,26904.3070316,4619.65487229,12719.3070312,268.197396788
456,26890.1609378,4617.38801862,12698.956836,271.608582886
457,26886.6839846,4617.98111576,12679.4007812,273.654180138
458,26884.1636718,4624.6414388,12659.1701172,272.197565765
459,26883.888672,4628.39722255,12640.6484376,272.468269015
460,26879.823828,4637.1297797,12623.5972656,274.85927428
461,26868.1605468,4633.53743634,12604.6648436,274.384952457
462,26861.2347658,4635.97897804,12586.1851564,273.793259553
463,26858.5824218,4640.31582035,12570.8089844,272.871955749
464,26853.7617188,4645.49852324,12550.5236328,274.019424502
465,26846.5636718,4644.30120549,12531.1710938,278.038109516
466,26840.6937498,4643.45045701,12513.7558594,277.647333414
467,26835.2656252,4647.59295297,12493.8302734,277.98453995
468,26826.0328126,4645.09978353,12475.8796874,279.427278911
469,26819.3101562,4646.00782291,12459.0281252,278.175062054
470,26814.6261718,4648.85643635,12439.8707032,279.277163203
471,26807.4058594,4642.02743578,12420.1841796,280.02374477
472,26805.741797,4639.54658083,12404.261328,279.541687589
473,26800.4835938,4639.87840577,12388.1878906,280.182358066
474,26802.2535156,4642.57004842,12370.1839846,280.388091755
475,26796.5621096,4647.70817916,12352.3646486,280.337531242
476,26790.6269532,4650.03293331,12334.5689452,281.663097879
477,26784.9953124,4648.91471744,12316.2966798,282.792561989
478,26781.4851562,4653.3517149,12299.0451174,280.887467951
479,26776.6046874,4662.22587836,12281.4935546,280.797136376
480,26769.8339844,4664.79939853,12262.8697266,282.055458477
481,26766.3675782,4667.31332924,12247.3746094,281.548077543
482,26765.0410156,4666.60199203,12231.6533204,280.531161356
483,26756.3753904,4669.44539712,12214.558008,279.10667925
484,26749.0148436,4670.47455511,12197.282031,276.839294121
485,26746.0730468,4675.05807835,12181.7210938,276.498944362
486,26741.0527344,4678.35603153,12164.502539,276.45920849
487,26737.3046876,4679.44092846,12148.2275392,276.29228675
488,26732.9664064,4674.03388443,12132.205664,276.692958076
489,26727.8718748,4680.50699398,12117.398047,276.786237399
490,26722.3144528,4680.97376907,12100.758203,276.17481172
491,26714.81875,4682.90489212,12086.797461,277.433865477
492,26710.4035156,4685.19145816,12071.9423828,278.179329521
493,26705.943359,4686.44639217,12056.4000002,277.935719923
494,26697.1511718,4683.58446803,12041.7091798,278.235101775
495,26694.7941408,4688.70429646,12027.263672,277.544383184
496,26687.9253906,4692.59634967,12011.0716796,275.56690438
497,26684.7988278,4694.72258658,11998.7761718,275.776293173
498,26684.0441408,4702.50198505,11981.496289,273.541041207
499,26678.6257812,4710.18049963,11966.5167968,272.619777209
500,26669.4253908,4709.62370338,11951.9666016,273.316832724
501,26664.8808596,4714.220365,11937.5482422,273.653300796
502,26660.3101562,4720.56705162,11919.3564456,274.843212729
503,26653.9105466,4718.16384057,11904.3117186,274.658850406
504,26647.346875,4717.98026453,11891.1515624,273.342045502
505,26635.8335938,4713.44810745,11878.4267578,273.684827916
506,26629.0304688,4721.13870194,11863.2919922,272.445259638
507,26626.2914064,4721.93085485,11849.1029298,272.305547544
508,26618.9972658,4723.45726674,11835.4621094,272.138394256
509,26615.2062502,4727.08948825,11821.8148438,270.08008333
510,26614.3984376,4732.44759558,11809.1503906,270.070840158
511,26606.5820314,4729.60352066,11795.4884766,270.214103967
512,26602.4726562,4734.44588826,11780.3470704,270.535777688
513,26598.2757814,4738.12422597,11766.5937498,271.492672993
514,26593.7507812,4740.19386548,11751.6716796,271.295297838
515,26589.0945316,4745.10800294,11738.5917968,270.96462011
516,26585.036719,4750.68858742,11725.1248046,269.421105904
517,26577.7023434,4751.47809423,11713.9660156,268.720488126
518,26572.663672,4753.67478272,11700.3679688,268.053539175
519,26568.9156248,4752.92673245,11687.1115236,268.492819293
520,26565.4398438,4755.15508066,11673.679883,268.916324282
521,26560.4523438,4755.84670292,11661.880078,267.190460011
522,26554.5386718,4757.00828829,11646.6359376,266.54817391
523,26549.1304686,4757.33777703,11635.0798828,267.084873547
524,26547.9042968,4762.44606628,11622.1716796,267.396300714
525,26544.9167968,4767.88764896,11609.8283204,265.739001948
526,26543.7410156,4770.22421874,11596.1664064,266.803657786
527,26540.2433592,4769.75679246,11585.4162108,266.643307832
528,26537.8859378,4774.97588464,11572.8626952,266.639622189
529,26534.0734374,4776.66288193,11560.521875,265.898187657
530,26530.1867188,4779.75217108,11546.67207,267.315145092
531,26527.6464844,4783.19071777,11535.0781252,267.525668197
532,26525.8601562,4784.70754609,11523.3228518,267.833115034
533,26523.5992186,4788.47569928,11511.700586,268.596710676
534,26523.2933594,4789.1520113,11497.8322266,267.369616421
535,26516.6308596,4789.7976044,11485.6181638,268.653868539
536,26511.5156252,4788.70662763,11471.8687498,268.220011199
537,26507.601172,4791.21520886,11459.5320312,268.551643179
538,26503.7675782,4794.5881761,11447.4089844,267.494579949
539,26497.7503906,4791.18810347,11436.4091796,268.956093824
540,26494.936719,4792.25016634,11426.3601562,267.901558927
541,26494.639844,4791.65490559,11412.1728516,268.560506568
542,26490.679297,4792.555005,11399.8794922,268.619591518
543,26484.6183594,4789.59467579,11388.3378908,269.674111332
544,26480.223828,4795.30971166,11377.2099608,269.911418633
545,26478.001172,4797.94211447,11364.524414,269.897186083
546,26475.5175782,4801.25913402,11354.1220704,268.875852323
547,26474.0585936,4803.53174264,11340.798633,268.214538256
548,26472.3992188,4803.81469111,11329.6123048,266.168434064
549,26473.0359376,4806.89598932,11319.5828126,265.766242545
550,26473.1542968,4806.60413268,11307.0873046,267.568884866
551,26468.3742188,4806.57209197,11294.9785158,267.013200367
552,26464.6402342,4807.85618895,11283.871875,266.217589869
553,26458.451172,4815.05603037,11271.673828,264.838559292
554,26457.233203,4818.11027215,11259.733789,265.142704536
555,26450.4832032,4819.23872897,11248.8777342,262.193681065
556,26448.1992186,4821.9573713,11239.6671876,260.794233953
557,26445.6156252,4824.22512287,11228.500586,261.545790077
558,26445.0484376,4827.98226946,11217.0310548,260.751807839
559,26439.4492188,4826.7317282,11205.6777344,259.656896139
560,26435.917578,4831.07173608,11196.2130858,260.444478267
561,26432.3515626,4829.71568296,11185.5664062,259.54510678
562,26431.81875,4833.48441767,11174.3095702,257.421704516
563,26427.326172,4833.1881838,11163.7548828,257.514031807
564,26426.1308594,4836.3870992,11152.2089846,259.710655714
565,26423.5117188,4837.12062557,11141.3542968,260.526632066
566,26422.220703,4840.96860743,11130.7113282,260.546429525
567,26418.0707032,4839.48853397,11120.3191406,259.428235897
568,26414.0613284,4837.7379618,11109.4789062,260.23335312
569,26410.9710938,4838.80728338,11099.4146482,259.578378526
570,26403.0273438,4836.00493317,11089.0523436,258.514221222
571,26401.0867186,4836.80806182,11077.9960938,256.960503591
572,26399.2230468,4838.52664959,11068.6484376,256.871182847
573,26393.7496094,4838.08858249,11059.8208984,257.640744404
574,26388.4726564,4841.0740301,11051.2367188,256.869791903
575,26387.3253906,4844.91966484,11042.4861328,258.675420334
576,26379.971094,4845.62638704,11032.340039,256.96743692
577,26377.2652344,4846.20052832,11021.8882812,256.041237859
578,26375.3648436,4845.32002357,11012.4060548,256.211955031
579,26376.0824218,4848.55182881,11003.064453,255.689215792
580,26373.3511718,4848.44758798,10993.3134766,255.084854677
581,26373.154297,4847.13247096,10982.6417968,256.361089625
582,26371.6628908,4847.37895034,10973.1466798,257.782814001
583,26364.1660158,4848.08776716,10963.0783204,256.857398647
584,26359.798047,4849.14860727,10952.4125,254.846259519
585,26358.9097656,4851.40935435,10942.3746094,255.756501327
586,26354.4335938,4850.55625034,10933.0669922,256.118011972
587,26350.6398438,4851.46460944,10923.821289,255.245712628
588,26345.328125,4850.64113924,10915.0794922,255.256923342
589,26342.5273438,4851.69159965,10905.0058592,257.22075876
590,26340.9253906,4855.08726064,10894.5658204,255.693919422
591,26339.3855468,4855.44477856,10886.503125,254.542188327
592,26332.7414062,4857.06935608,10877.6382814,254.522434554
593,26331.1625,4852.48344601,10867.5810548,254.038836132
594,26329.4257812,4851.65804599,10857.6121094,254.427978019
595,26326.2046876,4853.08618221,10847.9785158,253.493742147
596,26324.3398436,4851.50829343,10837.1095702,252.099322838
597,26321.39375,4851.74303992,10829.161328,252.733697257
598,26319.9398436,4853.22288292,10819.9851562,251.91701079
599,26318.4941406,4857.69806854,10812.162891,249.854818981
600,26311.0589842,4858.63912581,10803.5501954,248.861654668
601,26313.0996094,4860.21744927,10794.4632812,248.933042333
602,26308.2378906,4861.87796743,10784.7546876,248.969982217
603,26304.5296874,4861.0118398,10777.3652346,250.01448682
604,26302.0605468,4864.95259086,10769.2796874,249.341999833
605,26298.5023438,4866.39938353,10760.4142578,250.889855608
606,26292.86875,4867.94537549,10751.8027342,250.254860853
607,26293.9425782,4871.32995726,10743.7312498,250.402720701
608,26292.2699218,4869.66642486,10734.1779296,250.544034642
609,26291.0324218,4873.53028437,10725.85625,250.44117294
610,26290.323047,4877.44147793,10718.2720704,250.494292287
611,26287.241406,4878.59718766,10709.5357422,251.014941517
612,26286.3652344,4880.4843392,10699.7884764,251.095442822
613,26282.1675782,4881.5787772,10689.0384764,249.979872623
614,26277.699219,4882.7388165,10680.3769532,249.880875113
615,26276.7367188,4883.53845868,10672.8958982,250.849709622
616,26271.1332032,4882.40065187,10664.9013672,250.314546209
617,26267.3652344,4881.39062809,10657.6902342,251.501044103
618,26261.9589844,4878.89278616,10649.7992188,251.680977819
619,26261.290625,4879.60151237,10643.3646484,251.530580754
620,26259.0523438,4879.51744975,10634.558789,251.161077179
621,26257.1859374,4881.18881183,10626.4755858,250.961038739
622,26253.2375,4877.66235298,10618.7953124,250.941024857
623,26251.0113282,4879.82465752,10611.2367186,250.957681082
624,26248.5601562,4883.38335589,10602.48457,250.603816463
625,26244.4535156,4878.77630767,10592.7316406,250.657477094
626,26240.1156252,4876.13578914,10584.6941406,252.032496631
627,26238.0128904,4874.88570653,10576.7271486,250.793060797
628,26234.1589842,4876.63912836,10569.9755856,250.737327002
629,26230.9535156,4878.48594625,10561.9351562,250.792494123
630,26227.0066406,4880.83034101,10555.2513674,250.562642028
631,26225.6945314,4883.69101955,10547.1628906,248.57175543
632,26224.7703128,4886.859838,10539.9148438,247.509872393
633,26217.840625,4887.22091746,10532.3865236,247.459481823
634,26214.6144532,4888.09828199,10524.5183596,247.189053611
635,26214.4078124,4888.99644338,10516.886133,247.126034811
636,26213.348828,4887.25786938,10507.383789,246.072764786
637,26211.0093752,4888.06603858,10500.3761718,245.459829284
638,26203.7972658,4885.63663722,10490.766797,244.616027956
639,26198.5019532,4882.2717571,10483.2060546,244.499473249
640,26194.5128908,4885.0557556,10474.7226562,244.256029743
641,26191.3984374,4884.53672444,10466.6808594,245.118782318
642,26189.1515626,4884.87648814,10459.8013672,244.907886517
643,26186.2558594,4887.27066132,10450.5826172,244.916551212
644,26183.9953126,4889.99640003,10441.323633,244.854042919
645,26182.3902344,4889.15176006,10435.3564454,244.803899042
646,26181.1007812,4889.28348294,10428.0367188,244.914886192
647,26179.3390626,4890.01295662,10420.519922,244.934129933
648,26180.0089842,4889.81175507,10414.9667968,245.879878609
649,26177.3160154,4893.3444646,10406.5699218,243.585295727
650,26173.5410156,4894.55097002,10398.479297,245.178508658
651,26174.2460938,4897.09561037,10390.8984376,243.717409983
652,26174.2523436,4899.13905637,10382.8865234,241.07065002
653,26171.7867184,4901.17233996,10375.121875,241.333062831
654,26170.7648438,4899.51332229,10367.5146484,241.113051794
655,26168.9351564,4897.89024561,10359.9873048,241.452492858
656,26168.1441406,4897.35783181,10352.4464844,239.785020424
657,26168.695703,4900.00292064,10346.1912112,238.233029855
658,26166.9945314,4901.58162194,10339.4906252,237.847427439
659,26165.9109374,4902.20082689,10332.0433596,237.887572731
660,26160.7808594,4903.3387453,10324.2179686,237.921761091
661,26159.6976564,4904.59260313,10317.5210936,236.763747158
662,26158.3917968,4907.16152144,10308.1144532,238.608177456
663,26155.9070314,4907.22606583,10301.4216798,238.011083355
664,26154.286328,4907.69129779,10294.1363282,239.075392584
665,26151.7406252,4910.0404916,10287.5410156,239.293736903
666,26148.484375,4910.07006828,10280.5197266,237.712730439
667,26144.3105468,4906.86193257,10272.9048828,237.971578617
668,26140.6105468,4906.35537096,10265.9050782,239.445318547
669,26137.546875,4907.00426513,10258.098242,239.967753556
670,26135.354297,4908.48520504,10251.7320312,239.732761345
671,26131.7789062,4910.12046766,10243.5921876,239.510470548
672,26131.6714844,4908.55177278,10234.2177736,239.377769624
673,26128.5050782,4912.84608082,10227.2976562,239.272505577
674,26125.928906,4914.12022789,10220.7427734,238.127157113
675,26124.7375002,4916.23823754,10213.7259764,237.854670974
676,26121.6519532,4913.68888613,10204.5996094,238.021704848
677,26120.3484376,4918.28876717,10197.5322266,238.591344025
678,26120.5207034,4919.82183085,10191.5234374,236.576354819
679,26116.7371094,4918.34958019,10185.1787108,236.716703284
680,26114.2910156,4915.84957215,10175.7689452,235.838078194
681,26112.2105468,4915.00943545,10168.5785156,233.901945449
682,26109.1730468,4914.04475271,10161.6419922,233.725564784
683,26107.3152344,4914.00377344,10155.0744138,234.746939956
684,26104.746094,4916.21856207,10148.2556642,234.410207786
685,26102.4664064,4916.52925592,10142.0490236,233.629002406
686,26102.1597654,4915.69783048,10135.1880858,232.166982262
687,26102.0890624,4913.57369832,10126.6591796,233.697347784
688,26099.3359376,4914.53135123,10118.5589844,233.695974642
689,26097.8578126,4911.47975898,10108.8296878,234.743896155
690,26096.3921874,4915.0085016,10101.4666016,235.433025842
691,26097.4109376,4918.76191534,10094.5693358,235.562434042
692,26097.0328126,4918.57998817,10087.2021484,235.910960697
693,26093.3328126,4919.92411354,10080.9115234,237.00272632
694,26092.942969,4923.82851417,10075.2351562,236.772115045
695,26088.7765626,4926.15250444,10066.9851564,235.10528828
696,26089.4339844,4926.06557152,10059.1091798,232.959367817
697,26086.3457032,4926.6006131,10051.7294922,230.243543425
698,26084.9589842,4928.58887643,10045.858203,230.118781077
699,26082.3218748,4930.03390178,10037.5507812,230.446507504
700,26081.1648438,4934.13563474,10031.513086,229.731978079
701,26081.1308594,4935.44641663,10025.458789,231.08956572
702,26080.886328,4934.83379077,10018.8425782,230.804611676
703,26079.379297,4936.75638138,10011.179492,231.028300985
704,26079.2914062,4937.95024322,10005.0097658,230.971020756
705,26076.1246096,4937.96676177,9996.8542968,232.118467641
706,26075.3410154,4941.108325,9990.2789064,231.703211665
707,26073.1816406,4942.21621298,9983.9714844,229.816144327
708,26070.6878908,4943.47809644,9977.4123046,230.025975998
709,26066.6820314,4942.42445219,9970.5869142,230.079511888
710,26064.1828124,4941.35197195,9963.150586,228.797397255
711,26062.5648436,4943.31983025,9954.9734374,228.423007395
712,26062.0617186,4943.86799165,9949.7365236,228.354186666
713,26060.2675782,4944.30328642,9941.9486328,227.646270503
714,26060.2292968,4943.89162704,9936.778711,228.405147569
715,26058.191797,4946.52500136,9929.4730468,228.360862852
716,26057.5671874,4948.10734762,9921.9492188,227.954327266
717,26055.4910156,4948.08103823,9915.2759764,229.041459825
718,26054.1039064,4948.18448325,9908.1195312,229.355845482
719,26050.523047,4949.33483593,9900.0070312,229.972438614
720,26048.9339842,4948.75012052,9893.7818358,231.342570944
721,26050.3921876,4948.94844552,9888.2023438,230.581860033
722,26049.7394532,4953.60542171,9882.0906252,230.419557484
723,26045.975,4954.4736548,9873.637305,230.222040919
724,26044.7851562,4955.29415818,9867.9763672,229.374341491
725,26043.0140622,4955.57276471,9860.8634766,227.493174658
726,26042.6523438,4955.95434651,9855.472461,228.128056411
727,26039.7804686,4957.64962766,9849.1406248,227.260079861
728,26037.126953,4959.45222999,9841.9423828,226.945016059
729,26033.240625,4956.26693824,9835.0611328,227.483211461
730,26032.9406248,4957.80411762,9826.691797,227.674842404
731,26030.5035156,4958.54196247,9819.1691404,227.929860358
732,26031.1601564,4958.76778753,9811.9666016,229.931291
733,26029.9691406,4961.7158884,9805.4662106,228.95325034
734,26027.1429688,4962.40944034,9799.4171878,229.403938847
735,26025.0980468,4962.72374651,9792.8964844,230.556538991
736,26022.6007812,4961.55409839,9783.1898438,231.787764348
737,26021.492578,4960.59509517,9776.08125,231.946887138
738,26020.546875,4959.13636771,9771.0820314,232.994543122
739,26023.0753904,4960.90233403,9763.626953,231.066439168
740,26021.4101564,4961.17768571,9755.888867,230.089628089
741,26018.475,4961.10795535,9748.390625,227.7006445
742,26018.0125002,4961.53611228,9740.9607422,224.739374472
743,26014.8601562,4958.55979703,9735.455664,225.053922721
744,26013.3828126,4958.34135705,9730.1072268,226.235832102
745,26011.365234,4959.1019733,9723.4640626,225.900830489
746,26008.532422,4959.33415788,9716.7371094,223.565233716
747,26007.705469,4960.50120613,9710.5076174,222.546835046
748,26006.5675782,4959.89618081,9704.9802732,224.205291836
749,26005.295703,4960.71413933,9699.0146484,225.782466865
750,26005.9722658,4960.11429697,9692.1140626,224.265561548
751,26006.0445314,4960.61986383,9686.359375,223.698126481
752,26004.9035158,4958.96439763,9680.7871092,223.50456917
753,26005.1996096,4961.50276921,9675.1234374,223.413219342
754,26002.0046872,4962.47898667,9669.372461,222.885912171
755,26000.638672,4963.35197058,9662.7140628,223.259827773
756,26001.3578124,4962.34627238,9655.5986328,221.057322637
757,25997.5734376,4964.59941225,9649.1113282,220.722762184
758,25995.798828,4965.18384932,9642.3375,220.503095528
759,25992.9007814,4962.57076818,9637.2992188,220.009213368
760,25990.8601564,4963.64825901,9630.8277344,220.374211151
761,25990.9777344,4964.88225712,9623.8623046,220.122051108
762,25990.7789062,4967.42441792,9617.154297,220.019609206
763,25989.909375,4969.50090905,9609.818164,219.12940258
764,25990.4234374,4972.37772374,9602.9486328,218.835654456
765,25987.8441406,4972.05974449,9594.173828,217.980004917
766,25983.323828,4973.56644867,9589.1132812,217.47471902
767,25981.7132812,4973.69643231,9582.866211,219.074655415
768,25979.526953,4969.20343266,9578.1605466,219.790437947
769,25978.6964844,4969.79641404,9570.6847654,221.865964927
770,25977.0277346,4971.39489902,9565.1759768,221.383816543
771,25975.6476562,4971.58367519,9559.4650392,219.693414502
772,25972.8515626,4972.13083247,9553.6460936,219.631447759
773,25971.229297,4970.07231466,9548.2626954,219.231574219
774,25968.8749998,4967.88792033,9542.7132812,220.004345956
775,25970.2523436,4968.99705971,9536.6419922,218.821078254
776,25967.7527344,4969.42164668,9530.6500002,218.633261529
777,25965.6570312,4969.35357381,9526.2507814,217.637547718
778,25961.8382812,4970.07326426,9519.6828126,218.237466665
779,25958.3558594,4969.33199758,9514.2515626,218.855278955
780,25955.120703,4969.52975308,9508.7951172,217.75757361
781,25953.5039062,4968.95272492,9501.7882812,218.387481802
782,25951.9773438,4969.41708739,9496.2207032,217.036454769
783,25951.2132814,4970.26232619,9490.018164,217.18243739
784,25950.8625,4969.89887745,9484.0359376,217.409488224
785,25952.1421876,4966.9202559,9476.2031252,216.884859201
786,25950.266797,4968.08520536,9470.3240234,215.793407877
787,25948.7933594,4968.33208046,9465.1515626,215.949091726
788,25948.4578126,4968.71121018,9459.2882812,214.763412567
789,25947.6453126,4969.88982966,9453.8083984,215.811151694
790,25944.9863282,4969.19240336,9448.189453,213.602567359
791,25944.8496094,4970.37753123,9441.3957032,213.715299792
792,25942.594922,4969.35837413,9435.4888672,211.967268072
793,25942.0148436,4971.89120888,9429.6904296,213.072108088
794,25938.3863282,4972.1808031,9423.6078124,214.746855947
795,25936.1816406,4972.49146968,9418.7812502,213.93545963
796,25933.7808594,4969.52001863,9413.4330078,213.842201778
797,25933.7519532,4971.50628837,9407.3041014,214.189232494
798,25933.3320314,4968.50592315,9400.9697268,215.440817018
799,25931.5210938,4968.65757444,9393.9943362,214.874093797
800,25929.6183594,4970.83118485,9389.0751954,216.348658688
801,25929.3625002,4971.90556466,9382.6738282,216.490883304
802,25927.9371094,4971.70152108,9375.5621096,214.887824146
803,25925.9476564,4971.3810154,9368.6822264,213.2977748
804,25921.3230472,4972.03753568,9360.6802734,212.049782088
805,25918.3453124,4970.56065915,9353.3,213.030938565
806,25917.215625,4972.9269699,9347.4238282,211.056207586
807,25915.4230468,4973.73761509,9340.7929688,211.657975007
808,25914.5492186,4973.64074456,9335.863281,213.504197328
809,25914.3542968,4972.71935411,9330.1433594,212.798690404
810,25911.6523436,4971.48225145,9324.3039062,212.825278282
811,25909.8886718,4971.35955083,9317.865039,214.441652588
812,25910.7617188,4973.98106903,9309.9914062,213.668880281
813,25910.9347656,4972.70821913,9303.5671874,212.468430418
814,25909.201172,4972.97859368,9296.6431642,213.471098962
815,25908.06875,4972.10522693,9291.535547,214.303403969
816,25907.8253908,4973.76111299,9284.8333984,213.462069063
817,25909.7601562,4972.407373,9279.2925782,214.628379985
818,25909.0796876,4971.1105556,9273.220703,215.869686793
819,25905.9144532,4970.90166579,9267.2222656,215.63954582
820,25903.5062498,4973.1632482,9260.9623048,216.038993552
821,25901.5949216,4973.24650496,9254.7423828,215.554120304
822,25898.246875,4974.06242979,9248.109375,214.374634357
823,25898.8714844,4976.66342822,9242.6519532,213.56582902
824,25897.4652344,4976.11671091,9236.9031252,212.133671831
825,25896.5023436,4976.84072286,9231.0988284,211.844798357
826,25895.6695312,4976.54348349,9224.9972656,210.495558452
827,25895.9023438,4975.97117477,9218.9437502,211.594666024
828,25893.2578126,4975.80220348,9213.6941408,211.3009797
829,25890.933203,4974.44316986,9207.2990234,211.760098674
830,25890.8675782,4975.74123318,9202.3566404,210.944295137
831,25890.0226562,4976.80667905,9196.4908202,211.225300088
832,25887.5593752,4974.28277547,9189.8974608,212.314962355
833,25887.7042972,4972.92020494,9182.607422,211.681761247
834,25885.7718752,4973.30645162,9176.000586,211.4089995
835,25887.4535156,4975.12635342,9169.9716796,212.056267183
836,25887.6992188,4973.52721513,9165.0062502,211.785925816
837,25887.7738282,4973.16114052,9157.7992188,210.853565595
838,25883.904297,4972.77757219,9150.441797,207.799659164
839,25881.9714842,4972.61016317,9144.0882814,208.359585905
840,25881.0023436,4972.58425757,9138.5716798,208.0023387
841,25880.1230468,4971.46255211,9132.1394532,209.622691539
842,25878.734375,4972.33414819,9126.1324218,208.863818704
843,25879.595703,4973.59911361,9118.5140626,207.443084363
844,25877.5183594,4976.70563035,9112.0496094,207.701383353
845,25874.996875,4976.31971515,9106.3414062,207.226830587
846,25874.3667968,4978.18466201,9101.3271486,208.517941609
847,25872.7687502,4979.57425248,9095.5001954,207.408303154
848,25872.1640626,4979.05947945,9089.6757812,205.297192595
849,25872.7695312,4977.4698792,9084.1447266,203.306385616
850,25873.1039062,4977.28280693,9076.7488282,202.691483042
851,25871.8765624,4977.39958557,9071.0712892,201.209316532
852,25869.25,4976.65976154,9065.501367,201.609133469
853,25867.1917968,4975.67969427,9060.480664,200.785976009
854,25863.765625,4973.45163918,9054.3697266,199.516813804
855,25859.3796874,4974.84162963,9047.9519528,198.440305343
856,25857.6351564,4975.7361464,9042.2027342,198.276623156
857,25859.4179688,4975.5906901,9036.1095702,198.218312901
858,25860.1328126,4977.82304607,9029.7644532,196.370484263
859,25859.3394534,4976.04191931,9023.3435546,197.034208956
860,25859.001172,4975.93474721,9019.901172,196.568406193
861,25858.4941408,4976.62657483,9013.8857424,196.564792003
862,25857.0339844,4978.01463753,9008.9556642,196.90368353
863,25855.3640624,4978.07670275,9001.955469,197.160887081
864,25854.6203126,4977.71790321,8996.178125,198.822737064
865,25852.6597654,4977.3800161,8990.048047,199.14208036
866,25851.3417968,4975.67656688,8985.8546876,199.044418448
867,25851.3621094,4975.42182438,8980.5419922,199.490156075
868,25851.5773438,4975.54262066,8976.2214844,198.708735709
869,25851.8988282,4974.79019691,8970.9074218,198.685381459
870,25851.2109374,4973.49217103,8964.280664,198.718530671
871,25851.4289064,4972.99296097,8959.6230468,199.743914772
872,25852.285547,4973.75628491,8954.3642578,199.601185864
873,25852.177344,4972.79913071,8949.919922,198.118378916
874,25851.6558596,4971.78587609,8943.846289,197.519152885
875,25850.9960936,4971.06434171,8938.536328,198.799705397
876,25850.3445314,4971.52270195,8932.6861328,199.758524975
877,25849.1187502,4972.96868262,8927.2828126,198.335595754
878,25849.507031,4973.1257071,8922.5859374,198.109921446
879,25849.7773438,4973.89816741,8917.5646484,197.972604894
880,25850.3339844,4972.9349328,8912.3132814,198.647539581
881,25850.3437502,4974.37088227,8906.8847658,198.907885929
882,25851.1613282,4974.10967193,8902.2298826,198.52957694
883,25848.8320314,4974.42769218,8895.1958984,198.682222512
884,25847.3316406,4974.23644271,8891.4732422,198.397322594
885,25846.3890626,4974.40096675,8885.6314452,198.799041788
886,25844.2925782,4973.61986831,8880.867383,198.66610674
887,25845.9546876,4975.19402971,8874.5490236,199.392392708
888,25846.3785154,4974.92401422,8869.2123048,199.833136471
889,25846.470703,4974.33521161,8863.2511722,198.235605304
890,25845.3621094,4974.44133723,8857.9298826,198.295986746
891,25843.7230468,4971.00893336,8851.7300782,198.207299231
892,25843.7835934,4969.17267357,8844.7509766,198.209731842
893,25841.83125,4967.66532224,8839.6939454,198.109973154
894,25841.9351564,4966.87182411,8835.329492,199.053407075
895,25840.9175782,4965.59031311,8830.0138672,199.298435622
896,25838.505078,4964.26848755,8824.8068358,198.80544159
897,25838.619922,4964.88177065,8820.4296874,198.498748855
898,25840.3585938,4965.94563808,8816.5320314,199.288572666
899,25840.84375,4967.42028772,8810.8576174,198.937602162
900,25840.1679688,4967.87434614,8805.1816406,198.267447483
901,25840.6921874,4967.82070938,8800.3833986,196.945510085
902,25839.145703,4967.56697082,8795.2376954,197.142772901
903,25837.591406,4966.82865969,8790.7333982,196.104001183
904,25835.8937502,4965.77739034,8785.7177734,197.591791624
905,25832.8882812,4965.81847783,8778.4749998,198.489204785
906,25831.1,4966.79520295,8772.6755858,197.990676727
907,25831.9625,4966.49252242,8767.9953124,197.528680765
908,25831.8007814,4967.19577901,8764.5246096,196.773776964
909,25830.7445312,4968.76763564,8760.4978516,196.972512682
910,25829.6097658,4968.35139133,8756.0552734,198.535833195
911,25830.6792968,4966.59606809,8751.199414,197.205779499
912,25828.380078,4966.3675292,8745.0298828,197.789935223
913,25827.1851562,4966.84420329,8739.7242188,198.020715193
914,25826.3632812,4965.80444482,8733.9029296,197.776877204
915,25826.2652344,4966.6940016,8727.4355468,199.041213763
916,25827.1929688,4968.3393811,8722.3521484,199.41099342
917,25824.704297,4966.9793043,8716.4728516,200.56139756
918,25826.2703126,4968.13937176,8710.457422,201.483239653
919,25825.0398438,4966.77419817,8705.863867,201.687871961
920,25823.4023436,4967.63907526,8701.383203,201.395576828
921,25823.932422,4966.87769055,8695.3246096,201.167254009
922,25822.5886718,4966.01640007,8688.5505858,201.866345606
923,25820.0570314,4966.23621336,8683.8521486,203.667637701
924,25818.9335936,4965.18945385,8679.5189454,203.09237216
925,25818.1839844,4963.49437121,8674.3306638,202.662697573
926,25817.301953,4960.71229522,8669.4515626,202.528926624
927,25816.3566404,4961.1829039,8664.391797,204.699947167
928,25814.6402342,4961.65632608,8658.8125,204.438372774
929,25813.7453126,4961.53966248,8653.5158204,202.995711433
930,25813.0105468,4961.78733467,8650.2289062,202.22446879
931,25813.316797,4959.81039,8644.3097656,202.617400773
932,25812.678125,4960.20610818,8638.6902344,202.6986717
933,25813.6101562,4958.72663052,8633.759961,202.484251581
934,25812.1734376,4956.43638346,8628.2289062,203.472492109
935,25811.7390624,4957.10050124,8624.1509768,202.650324572
936,25810.9078124,4957.46130081,8619.4203124,202.602862753
937,25811.7535158,4956.95522933,8613.9369142,203.414549797
938,25809.6199218,4958.24398367,8607.7009766,203.372089079
939,25808.7742186,4958.88332757,8602.1269532,201.93729493
940,25809.7046874,4958.82728252,8595.7697268,200.301501964
941,25807.9417968,4959.88774069,8590.2767578,200.109503089
942,25807.4269532,4957.96791628,8585.4294922,199.09170505
943,25804.9882812,4958.95688397,8580.9687502,200.181272363
944,25803.5332032,4958.23640694,8575.7697264,199.872714163
945,25802.2089844,4960.33071807,8570.370703,198.226587213
946,25802.3273434,4959.99127568,8563.1863282,197.756325232
947,25801.0128906,4957.06120232,8557.717578,198.006900543
948,25800.9929688,4957.85081786,8552.7445312,197.47494866
949,25800.2132812,4957.03810447,8548.3773438,197.774471772
950,25799.309375,4957.52308788,8544.217578,198.803305112
951,25798.8160158,4956.90012866,8540.4339844,198.970283444
952,25798.263672,4957.10360806,8536.5728516,200.482261369
953,25796.8820312,4956.68527681,8533.2187502,201.439197493
954,25795.3679686,4956.67695176,8527.6900388,201.087021725
955,25792.4496096,4955.33559527,8522.0333984,199.839461506
956,25792.6339842,4954.96699264,8516.090039,199.389045803
957,25790.7703124,4956.00121833,8510.7041016,199.116726994
958,25788.0375,4956.35240357,8504.7376954,197.665293631
959,25785.3203126,4955.44044978,8500.115625,196.81496852
960,25782.6515624,4955.14765656,8495.4482422,196.524140921
961,25780.9789064,4956.0823295,8490.3195312,195.775527181
962,25779.4816406,4956.9207726,8485.6138672,195.891503752
963,25779.2722656,4957.3050528,8480.317383,195.890504878
964,25778.7777344,4956.52935606,8476.6164064,196.145473662
965,25778.8406252,4956.33720199,8472.5267578,195.286048864
966,25778.3683596,4956.77486662,8466.5798828,195.160242314
967,25777.7894532,4958.03570859,8461.6089844,195.241801731
968,25776.3621096,4956.72569666,8456.7705076,195.044347391
969,25776.5,4956.36082006,8453.2970702,195.440908613
970,25776.236328,4956.13535639,8448.8210936,194.702822491
971,25775.5210938,4956.54620093,8443.1027346,195.074867529
972,25776.7425782,4955.97626804,8439.2466796,195.470571089
973,25776.0863282,4955.92917631,8435.5780274,194.596169219
974,25776.0847656,4956.50791184,8431.013672,194.323496633
975,25775.9371092,4955.72869057,8425.9219726,193.966017848
976,25773.9121096,4956.20533554,8420.4753904,195.428956676
977,25773.4285156,4955.75342369,8416.174805,195.324474979
978,25772.2089844,4954.61539409,8412.38125,194.365456348
979,25771.725,4955.03963992,8407.7408204,193.372701741
980,25771.444922,4956.31304509,8404.081836,193.666000675
981,25771.2238282,4955.91828356,8399.8904296,193.876848244
982,25771.9468748,4956.43097546,8394.9826172,194.226885113
983,25773.4277344,4957.04047393,8389.6876952,194.723456341
984,25773.2785154,4957.36463322,8385.1955078,193.573752183
985,25774.2761718,4956.44716398,8379.9911134,193.149142124
986,25772.923828,4957.05237536,8375.3058594,192.38432807
987,25771.1738282,4957.07289503,8371.425293,191.595149964
988,25770.271875,4958.31895961,8365.7604492,192.239637436
989,25769.9851562,4958.58424834,8361.576953,193.706793536
990,25768.0046876,4958.83528747,8356.9128908,193.651980967
991,25767.4421874,4958.49705448,8351.7041992,193.411774661
992,25766.9835938,4957.74861343,8346.8123046,192.080000575
993,25767.7789064,4957.13990751,8341.5898438,191.131123309
994,25765.9496094,4957.66993292,8335.8758788,190.861006016
995,25767.2882814,4957.37049447,8331.8581052,191.421403367
996,25767.1910156,4957.7383192,8327.5879882,192.119178871
997,25766.0164062,4956.69980826,8324.2618164,193.252511725
998,25765.2796876,4957.25185925,8319.4865232,193.154827967
999,25763.7855468,4956.63106969,8315.8952148,193.857238526
1000,25762.1371094,4956.76577117,8309.8435548,194.056611488
1001,25762.2863282,4957.09422524,8303.8560544,195.349225767
1002,25761.722656,4956.19747107,8300.0631834,195.283765018
1003,25762.2890624,4955.77409493,8294.1010744,193.849846946
1004,25762.5339846,4956.54248157,8289.76084,194.911875709
1005,25761.5320314,4956.81748154,8284.88916,193.911143278
1006,25761.0097658,4957.20219345,8279.0588866,193.881640323
1007,25757.813281,4955.82901698,8274.3575196,194.44317916
1008,25757.0191406,4954.1621876,8270.1315432,193.572428119
1009,25756.9671876,4955.7735831,8266.9127932,194.283129145
1010,25756.9882812,4955.38795627,8262.6270506,194.501995012
1011,25754.651172,4957.91153943,8257.381543,193.327888052
1012,25753.152344,4960.25941197,8252.2248046,193.789623914
1013,25753.5132814,4959.4260739,8248.334375,194.454222993
1014,25752.7933594,4960.72982807,8243.8288088,195.283809589
1015,25751.7503906,4962.36869294,8238.8750976,195.158849593
1016,25750.0859374,4964.71565647,8233.615918,194.41028454
1017,25751.1156248,4963.73727989,8229.5146484,193.05175584
1018,25750.9132812,4964.37254071,8223.895703,192.33216394
1019,25751.0777346,4964.61883346,8218.431543,191.75035667
1020,25750.3472658,4963.72855034,8213.2471678,192.655696696
1021,25751.7761718,4963.81534378,8209.2237304,191.402796172
1022,25750.6367184,4963.75840084,8204.2482424,191.754607237
1023,25748.4351562,4963.430424,8198.305078,192.751641583
1024,25748.1242186,4963.3593675,8193.2012694,193.483158246
1025,25746.925,4963.88917992,8188.7152342,194.091935077
1026,25747.9687498,4963.29799126,8185.9719728,193.978997575
1027,25747.6839842,4963.81948841,8180.9793946,194.03912262
1028,25747.4339842,4962.94315577,8175.4612306,192.595542103
1029,25745.8300782,4963.21808158,8171.2420898,193.080703979
1030,25746.6277342,4963.32937715,8166.731543,192.56547022
1031,25745.4460938,4961.41365388,8162.9904298,192.682585053
1032,25743.3527342,4961.27062074,8158.9829104,192.823064475
1033,25743.3093748,4962.48886675,8154.25459,192.153278997
1034,25742.1113282,4963.77712174,8150.1339844,192.811666422
1035,25741.73125,4964.40354898,8146.7434572,193.088201148
1036,25741.7308594,4967.58620615,8141.6120116,194.136780992
1037,25740.7789062,4967.18420945,8138.1268554,193.511751426
1038,25740.2292968,4967.27647408,8134.2041992,193.815545029
1039,25739.7585938,4967.36388899,8131.171289,194.388236149
1040,25739.65625,4966.75048592,8125.8974608,193.331964463
1041,25739.6218752,4966.37462148,8122.0339842,192.141127015
1042,25739.7421876,4966.19022286,8117.1716798,191.523785295
1043,25736.4367188,4966.42094624,8112.8951172,191.684006459
1044,25736.6574222,4965.79370201,8108.4850588,191.588440013
1045,25736.9183594,4965.59356681,8103.8283204,191.759293348
1046,25735.9769532,4966.53817038,8099.1502928,191.675590664
1047,25735.3472656,4966.2787477,8095.0036132,193.066017206
1048,25734.6296874,4966.75693833,8089.5260742,191.736899291
1049,25735.6585938,4965.18110477,8084.6438476,191.989578151
1050,25735.3371094,4965.25703392,8079.2259764,192.298597217
1051,25734.9953124,4964.58900471,8074.3202148,191.244945677
1052,25733.3667966,4965.85844656,8069.5032228,190.147396851
1053,25732.159375,4966.23261058,8065.2589842,189.976029506
1054,25731.8195314,4966.00268297,8060.3627928,189.728149097
1055,25730.235156,4964.75764944,8055.709082,190.513312634
1056,25728.285547,4964.27435072,8050.1842774,190.384406929
1057,25727.9046876,4963.91638144,8046.5421874,190.244612299
1058,25729.3816406,4963.82881872,8042.7210938,188.747558961
1059,25729.50625,4963.35235879,8039.4126954,189.554531353
1060,25728.9515626,4963.13981757,8034.950586,190.311492969
1061,25727.7132812,4963.64916959,8030.2480466,189.703398915
1062,25726.778125,4964.89658925,8026.2921874,189.343358075
1063,25726.8933592,4966.17653647,8020.6585936,188.802344053
1064,25726.2039062,4965.48083765,8015.5831054,187.871626512
1065,25726.498047,4964.48904468,8012.1806642,188.166654191
1066,25727.2613282,4965.19714938,8007.7655272,188.107805622
1067,25725.794922,4965.27219493,8004.3129882,187.024953748
1068,25726.4214842,4964.56036663,8000.3120116,187.609914618
1069,25725.4515626,4964.99799739,7996.8137696,187.913136631
1070,25725.9179688,4966.04707991,7992.547461,187.175979753
1071,25725.7273438,4964.52948129,7987.7472658,186.796744592
1072,25726.0625,4963.77560982,7982.4816408,185.170161747
1073,25725.9640624,4963.40350612,7979.6147462,184.479956657
1074,25725.9453126,4963.16882226,7975.6222654,184.364189872
1075,25725.0683594,4964.43473828,7971.2627928,183.841013746
1076,25724.0457034,4964.22543563,7966.121875,182.829473877
1077,25724.133203,4964.33829655,7962.730664,183.52187987
1078,25724.4117188,4963.73523885,7958.0857424,181.558418746
1079,25722.9605468,4963.34661306,7953.7268554,181.682941539
1080,25722.5957034,4962.14886807,7948.6439452,180.872845141
1081,25721.9773438,4962.22404073,7944.4935548,181.187590774
1082,25722.9878906,4962.38850451,7940.717578,180.876651898
1083,25724.4824216,4965.06055924,7936.8703126,182.16897261
1084,25723.6441408,4963.41221115,7932.0186524,181.508282244
1085,25723.1078128,4962.61779038,7928.4044924,180.828789448
1086,25723.9066404,4961.95625362,7922.6995118,180.195375873
1087,25723.757422,4963.75551697,7918.6254884,179.026921914
1088,25724.1382812,4965.01524858,7913.9988282,181.16897702
1089,25724.344922,4965.61713921,7911.3299806,181.761544098
1090,25722.7406248,4965.56042786,7908.161328,181.282119132
1091,25723.1691406,4966.35683294,7903.1857422,180.406537568
1092,25724.0312498,4965.84818012,7897.6743164,180.518384338
1093,25724.2789062,4965.66909705,7892.1634766,180.756551114
1094,25722.613672,4965.76444999,7888.5008788,180.033308507
1095,25721.0703126,4966.77211344,7884.8947266,179.291211723
1096,25721.4281248,4966.32087632,7880.6944334,178.886889613
1097,25721.4460936,4966.27776708,7875.4607422,178.719125149
1098,25720.9964844,4965.57708673,7871.1642578,178.575183853
1099,25721.3230468,4965.46824891,7866.3626954,178.787678952
1100,25720.367969,4965.52164072,7861.773828,178.966334587
1101,25718.0515626,4965.02028761,7858.0903322,179.351196087
1102,25717.4152344,4964.66193074,7854.6412108,179.348032739
1103,25716.267578,4963.12324175,7849.3080078,180.363161652
1104,25716.1652344,4963.19651535,7845.5445314,179.45778203
1105,25716.641797,4963.12136846,7842.0139646,179.820692714
1106,25716.7757812,4962.83361987,7836.869824,179.272976607
1107,25716.2632814,4962.68159644,7832.8470702,178.34275308
1108,25714.8117186,4962.56195739,7828.2231446,177.799527648
1109,25714.0179688,4962.37049184,7823.7469726,177.041759316
1110,25712.4140624,4960.72719455,7819.9966796,177.005634039
1111,25711.0867186,4961.55885664,7816.246289,177.39946061
1112,25710.811328,4961.29729555,7811.8992188,177.708910912
1113,25711.7714844,4959.32521421,7806.8254884,177.735166784
1114,25710.939453,4960.13426858,7802.4459958,177.738448518
1115,25711.0035156,4959.00987892,7795.887305,176.261081713
1116,25710.8976564,4958.78266426,7790.8895508,175.518981195
1117,25709.6726564,4957.29150253,7787.350586,175.622228459
1118,25708.0535154,4957.08746815,7782.7834962,176.32236637
1119,25708.3042968,4957.29380746,7778.9838868,175.671590015
1120,25709.6859376,4957.96604699,7775.0379882,175.74558326
1121,25710.2675784,4956.41503299,7770.9610352,174.715919069
1122,25709.3304688,4957.57084159,7766.8935546,175.328732611
1123,25710.2378904,4957.45433918,7762.7899414,175.836694546
1124,25710.2007816,4956.20928571,7758.1013674,176.081436199
1125,25708.1902342,4954.66827277,7753.9246094,177.00958432
1126,25707.0402344,4952.84044416,7748.6260742,177.283478577
1127,25707.7179688,4952.32612864,7743.5685546,176.768754782
1128,25707.8191406,4950.99435437,7739.3524414,176.419271743
1129,25708.0644532,4950.71387481,7734.212207,175.995582107
1130,25708.3632814,4949.81516105,7729.8081052,176.210627561
1131,25707.4460936,4949.46383198,7726.4003906,174.959662255
1132,25707.1875,4948.91724185,7721.6823242,174.387583473
1133,25706.5664062,4947.95652169,7717.0795898,173.769441203
1134,25707.6558594,4949.78391157,7712.6462892,174.158032334
1135,25705.5320314,4950.15293785,7709.0054688,174.271528391
1136,25703.6386718,4951.38255658,7706.2627928,174.25650757
1137,25703.8539062,4951.4573341,7702.2791992,174.132938333
1138,25703.2761716,4951.48522787,7696.797461,174.427013325
1139,25703.361328,4951.43703894,7692.0935544,174.798620327
1140,25702.960547,4951.02806692,7687.9901366,173.72596693
1141,25703.1437502,4951.16527445,7682.7384766,173.649837244
1142,25702.7875002,4949.56828136,7678.4870116,174.544932946
1143,25703.0996094,4948.98304105,7674.5289062,173.691549561
1144,25703.170703,4949.71362922,7670.0743162,173.000545127
1145,25701.8085938,4949.65337356,7666.1990234,173.553711523
1146,25702.275,4948.20949247,7661.898535,172.476381982
1147,25701.970703,4948.76624565,7656.6677734,172.381355995
1148,25701.273047,4947.28803307,7652.4322266,172.492808726
1149,25701.0980468,4947.18286221,7648.188379,171.298710497
1150,25698.7859376,4945.86965255,7644.3128906,170.837100385
1151,25697.6777344,4944.8242838,7639.4261718,172.762727076
1152,25697.3242186,4944.22165878,7636.1011718,172.396511527
1153,25696.5472656,4943.13517044,7632.0636718,173.034789453
1154,25697.1285154,4944.01863277,7627.2488282,173.806072575
1155,25695.909375,4943.89826649,7622.099414,172.379620646
1156,25696.0476564,4942.51834169,7619.0205078,171.608237392
1157,25695.6070312,4942.50236664,7615.1662108,172.018467112
1158,25694.7671874,4942.36969787,7611.2984374,172.404181951
1159,25694.1347654,4942.37150632,7608.0509766,171.419540592
1160,25693.763672,4941.89839516,7604.782715,171.868852797
1161,25692.2125,4942.4566072,7598.5555666,171.76659731
1162,25691.30625,4943.28561712,7595.902539,171.356836283
1163,25691.0011722,4943.50710131,7593.0342774,170.703201852
1164,25691.4699218,4944.85362532,7589.2166016,170.365452583
1165,25690.7382812,4944.15281869,7584.0203126,169.791273966
1166,25688.4101564,4943.84090488,7579.044922,168.653881101
1167,25686.6925782,4944.55404402,7575.3801756,168.896339704
1168,25687.3414064,4944.24444624,7570.840039,169.273040643
1169,25686.5015624,4943.29731221,7566.7124024,169.303583276
1170,25685.2589842,4944.5809686,7562.4759766,169.687186548
1171,25684.5421876,4944.33859137,7558.0754884,168.734660995
1172,25684.103125,4943.64956362,7554.9798828,167.923360534
1173,25685.4339844,4943.10899431,7550.3343752,167.602623424
1174,25685.7750002,4942.81094669,7545.4892578,167.507694645
1175,25684.2824216,4943.21578053,7540.5588868,165.925063677
1176,25685.0429688,4944.15675773,7537.0682616,166.314685197
1177,25684.84375,4943.08933238,7534.2817382,165.608440119
1178,25684.2023438,4944.32828412,7531.5340822,165.625817475
1179,25684.1085938,4945.35399891,7527.7211916,166.551075199
1180,25684.421875,4945.49543546,7523.5697266,165.615109552
1181,25684.0566408,4944.47990909,7518.8844728,165.752093447
1182,25683.1867184,4944.9058258,7516.0850586,165.449070896
1183,25681.5125,4942.79519113,7511.1756836,166.136742949
1184,25681.9933592,4943.41650566,7506.9859376,166.901119878
1185,25682.9066406,4945.76995076,7503.3798826,166.717292149
1186,25682.4738282,4947.10617536,7498.5285156,167.231973004
1187,25683.1324218,4948.91480782,7494.078125,168.834149298
1188,25682.8355468,4948.51314078,7490.9724608,169.553412424
1189,25682.5816406,4949.64843897,7487.589844,168.478087262
1190,25682.4433596,4949.52594315,7483.9716798,168.75316442
1191,25682.1847654,4949.78035984,7479.3205078,167.941656593
1192,25682.0683592,4949.80785309,7474.326758,168.445389884
1193,25682.6339842,4949.28985098,7471.1631838,168.603678624
1194,25680.875,4948.62126952,7466.9955078,168.519498558
1195,25680.498047,4948.20914637,7463.2118166,168.813615495
1196,25678.736328,4947.99838318,7459.1511718,168.317368908
1197,25678.1921876,4946.91392549,7456.4762696,167.974317493
1198,25678.1460936,4946.41032455,7452.3361328,168.070115554
1199,25676.5097656,4944.23127845,7448.522754,168.341467085
1200,25675.6554684,4944.51671795,7445.3496092,168.871487793
1201,25674.6359376,4943.83538734,7441.3600586,167.386118435
1202,25675.1820312,4943.95748315,7438.2470702,167.260005859
1203,25675.1632812,4943.37489045,7434.434863,166.830973785
1204,25674.7804688,4943.36252878,7431.4715822,166.217950606
1205,25673.141797,4943.39357185,7427.6062502,166.959579464
1206,25672.2742186,4943.65196498,7423.6368164,167.55522224
1207,25672.0453124,4943.43943697,7419.7979492,167.979544748
1208,25670.6089844,4944.96430144,7415.8984374,167.366154984
1209,25671.020703,4942.49398814,7411.6234376,167.455662539
1210,25673.2648438,4943.03274277,7406.9179686,167.496803606
1211,25672.4499998,4943.62053936,7402.8520508,168.084836654
1212,25671.6292966,4943.69314434,7399.395996,166.253458661
1213,25669.6925782,4944.25335467,7394.8750002,167.458989288
1214,25669.4179688,4943.69668676,7391.516504,167.770394783
1215,25667.8828124,4944.08571424,7387.0802734,168.770746207
1216,25667.6898436,4942.84316622,7384.3601562,168.515928598
1217,25667.7121094,4943.14803482,7381.925879,167.905232257
1218,25667.9257814,4942.05826217,7378.3478516,167.847662301
1219,25666.901172,4942.7353469,7375.1168946,167.585668586
1220,25665.7953126,4942.46864644,7371.5836914,166.259404742
1221,25665.9601564,4942.93013875,7369.3660156,165.653325472
1222,25665.6753906,4943.06712027,7364.569629,165.126129959
1223,25664.365625,4940.46357263,7359.320996,165.519255987
1224,25664.5058594,4940.43538708,7355.6898438,164.730196326
1225,25663.4304688,4940.16084123,7350.6670898,165.220730401
1226,25662.6972658,4939.81506314,7347.1661134,165.871712859
1227,25661.0753908,4939.77933267,7342.9926758,165.124636976
1228,25660.3785158,4938.25026521,7338.7796874,165.291384241
1229,25660.025,4938.42705338,7333.1495116,165.566213923
1230,25660.0101564,4939.08028075,7330.0890624,165.621279265
1231,25660.0109376,4939.13880085,7324.5099608,163.730521573
1232,25661.2371094,4937.94801871,7321.0600584,163.501920948
1233,25660.691406,4938.12751662,7317.562793,162.88480394
1234,25660.8265624,4937.64774343,7314.3146482,162.476283814
1235,25660.2003906,4935.53235682,7310.5731448,163.320076053
1236,25659.8355468,4936.34817829,7307.588574,164.02606169
1237,25659.202344,4935.16165533,7303.359961,165.421803252
1238,25658.2238282,4935.54183378,7299.5437498,164.86523693
1239,25658.0933594,4935.57946899,7296.0277344,165.716694633
1240,25657.8367188,4935.9123151,7292.7809568,164.813934812
1241,25656.1042968,4936.79917609,7288.4776366,165.025867039
1242,25656.3300782,4936.23705088,7284.3866214,163.909291409
1243,25655.6472656,4936.84512735,7280.9219728,164.687149529
1244,25656.3124998,4936.8943476,7277.2927734,165.27839703
1245,25655.557422,4936.24418023,7274.5808594,165.157606665
1246,25655.0304688,4936.06763161,7270.4156248,165.039700882
1247,25655.1320312,4934.95263156,7265.075586,163.796899954
1248,25654.0679688,4934.03046961,7261.1879884,164.686800688
1249,25654.1027344,4934.14594819,7257.047461,164.101459695
1250,25654.9179686,4933.89122549,7252.778418,163.693058394
1251,25654.7207032,4933.96150206,7248.873633,164.339247192
1252,25654.2578126,4934.88496703,7245.8499022,163.232590913
1253,25653.5574218,4934.40021593,7241.1285154,163.045344399
1254,25652.3535158,4934.1647782,7238.463379,163.579757307
1255,25652.8148436,4933.40305307,7235.0458984,163.466676087
1256,25653.2304688,4932.57117753,7230.455664,163.998070303
1257,25651.9871096,4932.164173,7226.436328,163.701328105
1258,25651.3460938,4930.42481206,7222.6404298,163.342647538
1259,25651.8257812,4930.32012252,7220.3829102,163.336405815
1260,25651.355078,4930.09218535,7216.3566406,163.094484322
1261,25651.2035156,4929.8533489,7213.2158204,162.180503272
1262,25651.6925782,4929.41048863,7208.8958006,161.879534473
1263,25650.8207034,4929.42083195,7205.219043,161.320303731
1264,25650.1175782,4928.62244411,7201.4955078,162.048116211
1265,25650.1992186,4929.47691059,7197.7199216,161.228061183
1266,25649.884375,4929.52341737,7192.7743164,159.758185113
1267,25650.4535156,4929.8433367,7188.9347656,160.108903595
1268,25648.5277344,4930.36326815,7184.8541016,158.634111855
1269,25647.7109374,4930.18494001,7180.1833008,158.925521013
1270,25647.2394532,4930.60214934,7176.3021486,158.761354529
1271,25647.048047,4930.21651399,7172.608496,158.219489576
1272,25647.1113282,4929.83953071,7168.1787108,158.172853287
1273,25646.6222656,4929.67179181,7163.870117,157.985543906
1274,25645.5566404,4927.67441167,7160.1363282,158.039228771
1275,25646.7003908,4927.71878965,7157.0439454,158.529417756
1276,25645.8644532,4926.98856516,7152.6498048,159.869079616
1277,25645.584766,4928.10841612,7149.5033202,159.706202117
1278,25646.7718748,4927.0785074,7146.5512696,159.275306913
1279,25646.5953126,4927.23355517,7142.5005858,158.725826929
1280,25646.8234376,4927.42490422,7139.504297,159.044747749
1281,25646.409375,4927.29437885,7136.3981446,159.175829602
1282,25646.2167966,4927.51722557,7133.294922,159.860515948
1283,25646.7597656,4925.41593952,7130.2527344,159.317430287
1284,25647.4769532,4924.85702018,7127.1405274,158.80625575
1285,25647.1246092,4922.15206502,7123.1277344,158.56580189
1286,25645.853125,4921.86836557,7119.2605468,158.378054198
1287,25644.310547,4919.85374992,7116.3581054,157.94052413
1288,25643.5421876,4919.3877607,7111.9776368,157.509832562
1289,25642.1984374,4918.85122678,7108.607715,157.245246553
1290,25642.8558594,4918.22809568,7104.8234376,157.078885933
1291,25643.7039062,4918.16233686,7102.259668,157.761458042
1292,25642.7914064,4919.82174642,7098.0792966,157.849615995
1293,25642.424219,4919.20621953,7095.2756836,157.58886975
1294,25641.2121096,4920.27601165,7091.04375,157.763390107
1295,25642.0066406,4919.86278623,7086.9774414,157.37421988
1296,25642.3550782,4920.3284446,7083.9756836,157.031436017
1297,25643.2839844,4919.63774434,7081.1563476,156.381434089
1298,25642.3582032,4918.69122351,7077.2852538,158.049530931
1299,25640.8285154,4917.24215819,7074.092383,158.974021993
1300,25639.9445312,4916.49519144,7069.572168,158.699406114
1301,25641.2304684,4917.51120726,7066.4433594,159.040253075
1302,25640.6753908,4918.21060054,7062.8033202,159.250750067
1303,25640.7457032,4918.86840954,7058.369336,159.814410749
1304,25641.4535156,4918.74582571,7055.1488278,159.435024415
1305,25641.4460938,4919.40791157,7051.7610352,159.243106659
1306,25640.9984374,4919.70728497,7047.8502928,160.016084146
1307,25640.8089844,4920.5248553,7044.7644534,159.195890916
1308,25639.804297,4919.72796187,7040.9728516,159.032995827
1309,25639.8648438,4919.80230967,7036.3603514,159.012638277
1310,25638.5570312,4920.21097244,7032.280957,159.141727592
1311,25637.4214844,4918.31627985,7029.0277344,160.012882588
1312,25637.2097658,4917.50175043,7026.3867188,159.637071165
1313,25637.1496092,4917.34558351,7023.7305664,160.386967742
1314,25636.7707032,4917.71270872,7020.071289,160.787582923
1315,25635.9488282,4916.25853172,7016.1907226,160.127082665
1316,25634.9433594,4916.03690148,7012.9033202,159.442287183
1317,25635.1488282,4916.44546517,7009.5291992,159.447964793
1318,25635.3761718,4916.22440103,7005.945801,158.921014482
1319,25635.0148436,4915.30221834,7000.7774414,158.290966715
1320,25636.3800782,4915.44140542,6996.3381836,157.773884432
1321,25637.1246094,4915.14866501,6992.7809572,157.151457394
1322,25637.5167968,4915.40310458,6989.0435544,156.417856866
1323,25637.6183592,4915.981195,6986.1955076,156.373575867
1324,25637.7035156,4914.75370177,6983.0194334,156.665171779
1325,25637.8761718,4914.77373437,6979.6415038,156.503172126
1326,25637.1550782,4915.02841129,6976.6129884,157.237898098
1327,25636.8828124,4914.6210856,6974.1476564,157.147108373
1328,25636.8253908,4913.70706546,6970.5360354,157.168713885
1329,25636.3980466,4913.525419,6968.1574218,157.673155118
1330,25635.4066406,4912.57851469,6965.086035,158.317172619
1331,25634.3898436,4912.9904745,6960.7808594,158.072097288
1332,25633.9222656,4913.21118659,6957.3419922,157.879301733
1333,25633.2648436,4912.5490328,6953.481445,158.373721746
1334,25632.3929686,4911.88885681,6948.2708984,157.974258805
1335,25631.901953,4910.64123085,6944.7261718,158.369346437
1336,25632.3738282,4910.56233114,6941.3093748,159.684722948
1337,25631.1984374,4910.38354594,6936.8118164,160.046735731
1338,25631.534375,4909.69781943,6932.64834,159.430840491
1339,25630.8753906,4910.29732618,6929.841504,158.874606847
1340,25631.273828,4909.06989717,6926.4637696,159.201507511
1341,25630.804297,4908.58643618,6921.6611328,158.359306795
1342,25631.24375,4908.42868211,6918.4617184,159.311521626
1343,25632.1781252,4908.37570079,6914.1555664,160.805621487
1344,25632.6714844,4907.6803187,6909.7676758,160.628466631
1345,25632.575,4907.78376155,6906.4743162,160.310442515
1346,25632.7492188,4907.40087087,6903.5927734,160.070766669
1347,25631.991406,4907.06887476,6898.9321288,158.109626351
1348,25632.5664062,4905.9953651,6895.1213868,159.456047712
1349,25633.0742188,4906.0509556,6891.7556638,159.061390827
1350,25631.446875,4905.86609599,6889.76709,158.946265052
1351,25631.2101562,4906.22757247,6885.9949218,158.361631032
1352,25630.3546876,4904.88771621,6882.9810548,157.655212103
1353,25630.0679684,4904.94174403,6880.0722656,158.060726668
1354,25629.3082032,4904.94931287,6876.4557618,156.406630111
1355,25627.2542968,4902.64437654,6872.6085936,156.538316651
1356,25625.5523438,4900.79278037,6870.3029296,155.998439758
1357,25624.4183592,4899.81743659,6866.5983398,154.927966501
1358,25625.679297,4900.38956178,6861.398242,154.0263442
1359,25626.5179688,4900.73911297,6857.799707,153.673158952
1360,25626.1875,4901.74172222,6854.4933592,153.58206079
1361,25626.3386716,4901.78989511,6851.3615234,152.98791016
1362,25625.9476564,4901.72776838,6848.412207,152.457189209
1363,25625.1496094,4902.14784498,6843.9476562,153.236450872
1364,25624.7035154,4902.0785188,6841.0959964,153.300941949
1365,25625.0273436,4901.87317303,6838.0271484,153.883148726
1366,25623.6015626,4900.6926466,6834.8699218,153.99385722
1367,25624.163672,4899.97577132,6830.9812502,153.194925499
1368,25624.5976562,4901.40453143,6828.0892578,153.555142829
1369,25624.907422,4901.61083772,6824.0456054,153.230982684
1370,25624.7710938,4901.35509387,6819.62041,152.657417926
1371,25623.9781252,4901.1123469,6816.2220704,152.083926583
1372,25623.7785158,4901.70891195,6812.7112302,151.809739054
1373,25621.4332032,4901.96774254,6808.6536132,151.5320754
1374,25621.5644532,4901.85251354,6805.6290038,150.587735748
1375,25620.7960936,4902.44998851,6802.1918944,150.426541567
1376,25620.0296876,4903.34029129,6798.4406248,149.269700709
1377,25620.215625,4904.28870775,6794.0061522,149.833885517
1378,25619.9949218,4902.90401612,6789.5477538,150.369582157
1379,25619.5316406,4902.88624255,6785.333887,151.058720545
1380,25619.9332028,4903.13289895,6782.4449216,150.666609493
1381,25619.8531252,4903.12308696,6778.8438476,150.096535929
1382,25620.125781,4903.47822029,6776.758008,150.414797116
1383,25619.7011718,4903.50874312,6773.5777344,150.871387693
1384,25618.8390626,4903.16576491,6770.8819334,150.408379447
1385,25619.6863282,4903.08777212,6767.9512696,150.232799331
1386,25618.8976564,4903.2068783,6764.5942384,149.842436497
1387,25619.4410156,4902.98990918,6760.4012696,149.951030404
1388,25619.1617188,4903.05050734,6757.790625,149.745246331
1389,25617.8152344,4901.6271944,6754.1979492,149.948210535
1390,25617.0125,4901.57675621,6751.059668,149.241373228
1391,25617.541797,4901.70031543,6748.2056642,149.108487159
1392,25618.2980468,4899.42030483,6744.5243164,148.326931827
1393,25617.5515622,4899.48905435,6741.737012,148.030941925
1394,25617.5910158,4898.9134208,6738.0473634,147.15170846
1395,25618.2109376,4898.22156718,6734.7577148,146.286992908
1396,25617.8742186,4897.65665162,6731.4188478,146.212741918
1397,25617.8398436,4897.57054699,6728.704004,145.492710376
1398,25617.4859376,4897.35206561,6726.8917966,145.513973852
1399,25617.5253904,4897.482111,6723.8896484,144.469364629
1400,25616.6121094,4897.74898882,6720.5686524,143.236461434
1401,25617.2183594,4897.08848005,6717.2086914,144.458264944
1402,25617.0851562,4896.3558391,6714.4071288,144.757647713
1403,25615.6558594,4896.20862405,6711.794043,144.657175923
1404,25615.9269528,4896.09971875,6708.0412108,144.285702822
1405,25616.9535156,4895.8001553,6703.424414,143.54066433
1406,25616.6636718,4896.02192629,6700.847168,143.701870937
1407,25617.2082032,4895.45560305,6697.9575196,143.223742213
1408,25616.9941408,4895.25781313,6693.757422,142.216202146
1409,25616.4164062,4895.83454027,6690.3214844,142.925075421
1410,25617.011719,4896.93574305,6686.755371,143.734985751
1411,25616.4687502,4897.15362187,6682.9214844,143.633232035
1412,25616.921094,4898.11972629,6678.6659178,143.417446954
1413,25616.934375,4898.10979282,6675.0392576,143.54504985
1414,25616.7226564,4897.82568216,6672.0746094,143.699738971
1415,25615.9964844,4897.31292124,6668.9739258,143.128310326
1416,25616.1417968,4899.05033067,6665.3709964,143.321761383
1417,25615.7351562,4899.87630271,6662.1904296,144.898266185
1418,25615.757422,4900.43040953,6659.1112304,144.83124116
1419,25615.7695312,4900.88663623,6657.0149416,144.57402369
1420,25615.9628904,4900.27520934,6652.3297852,144.254833069
1421,25615.3292968,4900.06025157,6649.4095704,144.292096421
1422,25615.3160158,4900.13997237,6647.1538086,144.014669455
1423,25616.1035158,4899.49362016,6644.0224608,143.739209458
1424,25615.4050782,4899.8771902,6640.8548826,144.32836188
1425,25615.4066406,4899.39771824,6637.8592772,144.533018227
1426,25615.184375,4900.33166327,6633.0788084,143.449990442
1427,25615.003125,4900.27294801,6630.2744138,143.728254504
1428,25614.036328,4900.55036903,6627.6564454,142.81335804
1429,25612.8589842,4901.12648111,6624.5228516,142.498204023
1430,25612.2003908,4901.03596524,6621.2567384,142.426336698
1431,25612.8437502,4899.57250409,6618.1924806,142.878289652
1432,25613.2050782,4899.41668496,6615.7623048,142.447902883
1433,25613.8285156,4899.41210535,6611.844336,143.233780139
1434,25614.0726562,4898.67363675,6608.382129,143.121475713
1435,25613.876953,4899.32040197,6604.4958984,144.089386869
1436,25614.5378906,4898.46394077,6601.671387,143.918589682
1437,25613.8101564,4898.92214266,6598.304004,144.720255457
1438,25613.5433594,4900.49751079,6594.5891602,144.287710019
1439,25613.2066408,4901.07715695,6591.9218748,143.697961788
1440,25612.9628908,4900.76089728,6588.8318358,143.732001565
1441,25612.8820312,4899.20957455,6585.734668,144.516553983
1442,25611.9710938,4898.58236792,6581.4272462,143.884089822
1443,25611.223828,4899.29346333,6577.779297,143.208256086
1444,25610.1683592,4898.3749722,6573.8993164,143.005424898
1445,25608.2816406,4899.59405938,6571.3490236,142.371485716
1446,25608.0367188,4898.88117162,6568.714258,141.896475741
1447,25607.3281252,4899.39765129,6565.9007812,142.33386315
1448,25607.844531,4898.7974561,6562.1183594,141.485057382
1449,25608.0785158,4899.00220636,6559.433301,141.263363796
1450,25607.1171874,4899.25691504,6555.5947266,140.580999139
1451,25606.9097658,4899.29137489,6552.865332,140.345126928
1452,25607.3441406,4898.89739647,6549.6830078,140.499942205
1453,25607.3351562,4898.9959947,6547.9287108,140.811986866
1454,25605.289453,4899.48879002,6543.9633788,142.176452336
1455,25604.6124998,4899.44949813,6541.372461,141.632929142
1456,25604.336328,4899.96186517,6539.2507812,141.416429969
1457,25604.0398436,4899.87826043,6535.3142576,142.396151354
1458,25603.9257814,4899.78722061,6531.792871,141.997146571
1459,25604.0007812,4900.04560962,6527.719824,140.45586375
1460,25603.1367186,4899.96915012,6525.491797,140.029582654
1461,25602.0902344,4899.8344272,6521.8970704,139.249348518
1462,25601.8796876,4899.59321292,6519.30625,139.091229962
1463,25601.1843748,4899.19670658,6515.4589842,138.436026254
1464,25601.3882812,4899.37007464,6511.7600586,139.200946433
1465,25600.382422,4899.88137252,6507.6654296,138.481373937
1466,25600.1839844,4898.92311882,6503.0929688,139.560043991
1467,25599.5246092,4897.6521078,6500.3896484,139.572695891
1468,25599.3601562,4898.84663711,6497.2137694,139.869354284
1469,25599.6449218,4899.15066765,6494.5391602,140.282663806
1470,25600.1273436,4898.77783775,6491.7568358,139.836985954
1471,25600.1171878,4898.90041814,6487.8034182,138.647848076
1472,25599.8636718,4898.6097795,6485.556836,138.48483604
1473,25600.0503908,4899.11479525,6482.3527344,138.428530829
1474,25599.9609376,4898.58732096,6479.1011722,137.924103504
1475,25598.8859376,4899.1293022,6476.563086,137.86853553
1476,25598.7855468,4898.89688747,6473.4088866,136.756230132
1477,25598.7675782,4898.47830201,6469.084375,136.429624734
1478,25599.530078,4898.06623693,6466.240918,136.839257146
1479,25599.6167968,4898.22928042,6463.9944336,137.279547354
1480,25599.0945312,4898.62578066,6460.6368164,137.181646112
1481,25598.833203,4898.44286,6457.8935546,137.190308684
1482,25598.9273438,4899.19318301,6455.5620116,136.533329208
1483,25599.2730468,4899.29809718,6452.7525388,136.222976267
1484,25598.5628906,4899.16086349,6449.4274414,136.90831828
1485,25597.7941406,4898.53147371,6446.938086,135.978557014
1486,25597.885547,4898.24009031,6443.777051,135.758808219
1487,25598.6648438,4898.71593065,6440.6573242,135.612487926
1488,25599.0933592,4899.21374127,6437.0728516,135.056552781
1489,25598.521875,4899.53418374,6433.2853516,135.134546505
1490,25598.3632812,4898.64698521,6429.5000002,134.341385033
1491,25598.865625,4898.09610023,6427.0154298,134.421652951
1492,25598.2566406,4897.93634052,6424.045801,134.696528516
1493,25597.2683594,4898.63656455,6420.8463866,134.755813277
1494,25596.6042968,4898.57333569,6417.57041,133.760934483
1495,25594.551172,4899.01071869,6413.7300782,133.729083406
1496,25595.7718748,4899.10863822,6410.626953,134.363938612
1497,25596.00625,4899.16488713,6406.9746096,134.621523688
1498,25595.7070312,4899.15401636,6404.5113282,134.258091781
1499,25595.4484376,4899.37660636,6402.1658202,133.703302514
1500,25594.8382814,4899.14193159,6399.5365234,133.235719325
1501,25595.53125,4898.3178278,6396.8811524,132.545755534
1502,25596.1351562,4899.18353862,6393.6191404,132.454139613
1503,25596.0101564,4898.91160002,6390.7282228,133.206168022
1504,25595.365625,4899.42095943,6387.9132812,132.484004761
1505,25594.9792968,4899.90298499,6385.0270508,133.361294037
1506,25594.4910156,4899.82556571,6380.9015626,132.780852702
1507,25594.665625,4899.15102793,6378.3725586,132.953025411
1508,25593.7679686,4900.67856981,6375.295703,133.462240541
1509,25593.529297,4900.57944041,6372.5174804,133.726267855
1510,25593.5304688,4901.00961147,6370.530078,133.521502562
1511,25592.9308594,4900.43973804,6367.3904298,134.872644925
1512,25592.7453126,4900.59142313,6365.0320314,134.662232422
1513,25592.9347656,4900.52570224,6361.05459,135.317512393
1514,25592.3445314,4900.69066843,6358.0172852,135.636865936
1515,25591.5867188,4900.54002732,6354.7415038,135.78439892
1516,25591.9695312,4900.22509384,6352.3887696,136.145954459
1517,25592.9785154,4900.13541177,6349.2416016,136.06883677
1518,25593.0066406,4900.05675875,6346.8833008,135.96370338
1519,25592.7464842,4900.28869455,6343.5296876,134.522901933
1520,25592.1007812,4899.71766123,6341.203125,134.2078484
1521,25591.4664064,4900.19351105,6337.6340822,134.701814324
1522,25591.9511718,4900.36691726,6334.7350586,135.709994289
1523,25591.9113282,4899.58462755,6330.9913086,135.39688279
1524,25591.388672,4899.48002601,6328.4974606,135.013071753
1525,25591.1472658,4900.19686546,6324.7542968,134.993182409
1526,25591.2593748,4900.84433112,6321.72041,136.134020845
1527,25591.6574216,4901.04547733,6317.9268554,135.917798797
1528,25590.9460938,4901.83527437,6314.1259768,133.994751295
1529,25590.20625,4901.88867725,6311.83125,133.522925944
